排名,板块名称,板块代码,最新价,涨跌额,涨跌幅,总市值,换手率,上涨家数,下跌家数,领涨股票,领涨股票-涨跌幅
1,白酒Ⅲ,BK1575,4455.19,185.01,4.33,2580915744000,2.7,20,0,舍得酒业,10.01
2,白酒Ⅱ,BK1277,4455.19,185.01,4.33,2580915744000,2.7,20,0,舍得酒业,10.01
3,厨房电器,BK1451,8019.44,327.46,4.26,34121904000,2.48,4,2,火星人,20.04
4,厨卫电器,BK1240,5453.85,205.79,3.92,48450129000,2.33,7,2,火星人,20.04
5,宠物食品,BK1507,1557.28,57.92,3.86,32255921000,7.21,4,0,乖宝宠物,6.19
6,电动乘用车,BK1519,5058.85,182.14,3.73,1022067632000,4.16,3,0,赛力斯,5.95
7,培训教育,BK1557,4581.72,159.55,3.61,58438129000,7.14,8,4,传智教育,10.03
8,医美耗材,BK1500,1497.64,47.26,3.26,66515415000,3.07,3,0,锦波生物,3.73
9,卫浴电器,BK1452,1297.79,40.85,3.25,14328225000,2.09,3,0,奥普科技,4.34
10,乘用车,BK1262,3857.56,121.1,3.24,1435856176000,1.88,9,0,赛力斯,5.95
11,综合乘用车,BK1520,2631.65,76.51,2.99,413788544000,1.21,6,0,长安汽车,4.12
12,油气及炼化工程,BK1572,1763.21,50.95,2.98,69159824000,2.86,4,2,通源石油,10.56
13,股份制银行Ⅲ,BK1610,2453.44,67.91,2.85,2959082128000,0.73,9,0,浦发银行,4.63
14,油服工程,BK1275,1890.2,50.45,2.74,231907412000,1.8,9,4,科力股份,11.14
15,农商行Ⅲ,BK1612,475.17,12.65,2.74,267186885000,1.43,10,0,沪农商行,4.56
16,商用载客车,BK1531,3409.24,90.7,2.73,95167902000,2.88,5,0,金龙汽车,5.49
17,医疗美容,BK1253,1084.96,28.45,2.69,71949393000,1.8,4,0,锦波生物,3.73
18,国有大型银行Ⅲ,BK1611,3311.0,84.28,2.61,11514949888000,0.24,6,0,交通银行,3.24
19,餐饮,BK1559,1351.74,33.92,2.57,11493440000,3.08,3,1,西安饮食,10.02
20,公路货运,BK1487,4064.78,101.87,2.57,22315333000,1.32,2,1,原尚股份,9.99
21,教育,BK0740,552.63,13.76,2.55,76344945000,5.97,10,6,传智教育,10.03
22,油田服务,BK1573,1667.42,41.32,2.54,162747588000,1.33,5,2,科力股份,11.14
23,银行,BK1283,4348.88,103.0,2.43,16046212608000,0.44,42,0,浦发银行,4.63
24,银行Ⅱ,BK0475,4348.88,103.0,2.43,16046212608000,0.44,42,0,浦发银行,4.63
25,商用车,BK1264,2638.35,61.29,2.38,282836560000,1.82,12,1,江淮汽车,10.01
26,电信运营商,BK1587,1047.53,23.23,2.27,2874126784000,0.41,3,0,中国电信,4.01
27,农药,BK1436,2757.15,59.66,2.21,212605135000,2.31,26,7,美邦股份,10.0
28,商用载货车,BK1530,1970.47,42.06,2.18,187668658000,1.57,7,1,江淮汽车,10.01
29,长材,BK1369,529.07,10.22,1.97,18093930000,1.23,3,0,三钢闽光,3.23
30,油气开采Ⅲ,BK1574,3383.8,65.06,1.96,1609979488000,2.05,5,0,中国海油,3.4
31,油气开采Ⅱ,BK1276,3383.8,65.06,1.96,1609979488000,2.05,5,0,中国海油,3.4
32,城商行Ⅲ,BK1609,1646.61,31.57,1.95,1304993648000,0.91,17,0,宁波银行,3.07
33,人力资源服务,BK1568,1917.41,33.75,1.79,22202388000,1.14,3,0,北京人力,3.17
34,板材,BK1367,840.8,13.75,1.66,482514512000,1.05,15,2,柳钢股份,9.97
35,保险Ⅲ,BK1358,1385.62,21.44,1.57,2979153136000,0.44,4,1,中国平安,2.76
36,保险Ⅱ,BK0474,1385.62,21.44,1.57,2979153136000,0.44,4,1,中国平安,2.76
37,普钢,BK1226,763.72,11.31,1.5,526196704000,1.07,20,3,柳钢股份,9.97
38,空调,BK1450,15152.77,223.47,1.5,956045712000,0.97,3,1,海信家电,2.49
39,纺织鞋类制造,BK1347,431.01,6.35,1.5,42758880000,0.48,1,0,华利集团,1.5
40,调味发酵品Ⅲ,BK1576,4639.03,67.86,1.48,363637904000,2.6,12,2,ST加加,7.72
41,调味发酵品Ⅱ,BK1278,4639.03,67.86,1.48,363637904000,2.6,12,2,ST加加,7.72
42,机场,BK1480,1836.22,26.69,1.47,135920652000,1.04,5,0,上海机场,2.34
43,光伏主材,BK1318,10580.16,153.23,1.47,151294734000,1.89,2,0,隆基绿能,1.64
44,视频媒体,BK1296,769.13,11.12,1.47,29763168000,2.03,1,0,芒果超媒,1.47
45,钟表珠宝,BK1357,1842.71,26.18,1.44,101784615000,2.3,12,3,菜百股份,4.83
46,预加工食品,BK1581,6044.39,84.83,1.42,65174066000,3.41,9,2,海欣食品,10.02
47,粮食种植,BK1515,899.83,12.03,1.36,33333047000,1.1,2,0,北大荒,1.72
48,期货,BK1361,495.93,6.4,1.31,49524225000,1.18,4,0,南华期货,1.45
49,啤酒,BK1577,2410.91,30.56,1.28,163113911000,1.22,6,1,青岛啤酒,3.4
50,农化制品,BK0731,1603.82,19.82,1.25,924698320000,2.46,44,18,美邦股份,10.0
51,炼油化工,BK1569,3415.38,39.3,1.16,3127368992000,0.28,7,3,中国石油,3.49
52,信托,BK1363,1960.87,22.49,1.16,70286181000,0.92,3,0,国网英大,1.39
53,饰品,BK0734,375.1,4.29,1.16,106819524000,2.15,12,4,菜百股份,4.83
54,风电整机,BK1314,1496.86,17.07,1.15,146314315000,2.11,3,2,电气风电,5.17
55,其他种植业,BK1516,809.63,9.17,1.15,36252984000,2.36,2,3,宏辉果蔬,8.42
56,饲料,BK1258,3143.86,34.99,1.13,197434191000,1.54,12,3,乖宝宠物,6.19
57,学历教育,BK1558,1824.47,20.21,1.12,9394002000,2.97,2,0,凯文教育,1.2
58,锦纶,BK1414,552.0,6.08,1.11,21863093000,1.21,1,2,海阳科技,9.99
59,血液制品,BK1597,4207.16,45.45,1.09,85794228000,0.83,5,1,天坛生物,2.15
60,门户网站,BK1294,2725.15,28.99,1.08,95859255000,3.34,5,4,返利科技,10.06
61,跨境物流,BK1488,1558.07,16.37,1.06,174484391000,1.0,12,1,中国外运,3.28
62,专业连锁Ⅲ,BK1555,1289.94,13.36,1.05,45640429000,2.84,5,2,爱施德,4.51
63,专业连锁Ⅱ,BK1270,1289.94,13.36,1.05,45640429000,2.84,5,2,爱施德,4.51
64,港口,BK1481,1614.63,16.49,1.03,515529840000,0.55,12,3,唐山港,2.94
65,产业地产,BK1344,2245.77,22.89,1.03,127594578000,1.27,9,5,外高桥,4.53
66,核力发电,BK1376,620.51,6.15,1.0,495902368000,0.35,2,1,中国广核,1.96
67,医美服务,BK1499,572.71,5.66,1.0,5433977000,0.78,1,0,*ST美谷,1.0
68,汽车经销商,BK1523,1324.39,12.52,0.95,18493719000,1.04,5,1,国机汽车,2.53
69,航空机场,BK0420,4192.47,39.5,0.95,585443808000,0.83,10,1,春秋航空,2.63
70,食品饮料,BK0438,25506.38,237.76,0.94,4010076256000,2.76,86,39,一鸣食品,9.99
71,教育出版,BK1290,2109.81,19.56,0.94,122975156000,0.86,8,2,山东出版,2.15
72,快递,BK1489,5420.84,48.92,0.91,289825360000,0.84,4,0,圆通速递,1.31
73,钾肥,BK1434,2486.64,22.12,0.9,344674752000,1.56,4,0,亚钾国际,1.89
74,旅游综合,BK1561,1555.49,12.65,0.82,37058218000,2.75,6,2,三峡旅游,3.1
75,航运港口,BK0450,11830.68,94.13,0.8,1187925280000,0.89,29,6,中远海能,4.53
76,钢铁,BK0479,7901.5,62.64,0.8,850155792000,1.07,32,11,柳钢股份,9.97
77,人工景区,BK1562,2646.91,19.17,0.73,32540026000,2.11,4,1,曲江文旅,2.07
78,印染,BK1351,1466.46,10.34,0.71,15889047000,2.43,3,1,富春染织,6.54
79,白色家电,BK1239,3220.74,22.53,0.7,1209870992000,0.97,8,3,惠而浦,2.81
80,非白酒,BK1279,1944.95,13.6,0.7,224087963000,1.5,12,4,青岛啤酒,3.4
81,煤化工,BK1419,1832.97,12.76,0.7,248342798000,2.86,6,4,金牛化工,6.77
82,其他运输设备,BK1522,1716.17,11.82,0.69,75467391000,1.82,5,5,凤凰B股,10.08
83,航空运输,BK1479,1351.03,8.85,0.66,449523152000,0.79,5,1,春秋航空,2.63
84,地面兵装Ⅲ,BK1382,3392.41,20.75,0.62,130878988000,3.24,5,7,长城军工,6.96
85,地面兵装Ⅱ,BK1229,3392.41,20.75,0.62,130878988000,3.24,5,7,长城军工,6.96
86,印刷,BK1534,3566.85,21.81,0.62,13079411000,2.09,2,1,强邦新材,4.17
87,石油石化,BK0464,6188.6,37.75,0.61,5104103424000,0.6,26,22,科力股份,11.14
88,动物保健Ⅲ,BK1501,4193.03,25.57,0.61,54909559000,1.14,9,3,瑞普生物,4.69
89,动物保健Ⅱ,BK1254,4193.03,25.57,0.61,54909559000,1.14,9,3,瑞普生物,4.69
90,旅游零售Ⅲ,BK1549,6361.02,38.57,0.61,129707606000,2.24,1,0,中国中免,1.22
91,旅游零售Ⅱ,BK1269,6361.02,38.57,0.61,129707606000,2.24,1,0,中国中免,1.22
92,航运,BK1482,1525.38,9.2,0.61,672395440000,1.48,17,3,中远海能,4.53
93,食品加工,BK1280,4015.0,24.06,0.6,234190418000,3.41,20,7,海欣食品,10.02
94,公交,BK1484,1411.26,8.39,0.6,26860142000,1.99,7,1,锦江在线,1.97
95,水产养殖,BK1514,591.97,3.29,0.56,10891687000,2.87,2,0,大湖股份,1.6
96,金融控股,BK1359,1997.29,11.1,0.56,246032021000,0.92,6,2,爱建集团,1.77
97,旅游及景区,BK1272,2804.69,15.49,0.56,126676408000,2.43,20,5,三峡旅游,3.1
98,农业综合Ⅲ,BK1506,2079.48,11.39,0.55,9520918000,1.11,2,1,辉隆股份,1.26
99,农业综合Ⅱ,BK1257,2079.48,11.39,0.55,9520918000,1.11,2,1,辉隆股份,1.26
100,铁路运输,BK1485,1494.92,8.02,0.54,409887184000,0.6,5,2,大秦铁路,2.23
101,生猪养殖,BK1512,3760.77,19.62,0.52,414898640000,1.67,8,2,牧原股份,2.67
102,复合肥,BK1433,3099.29,15.44,0.5,77415082000,2.18,8,2,史丹利,2.04
103,摩托车及其他,BK1263,3450.62,15.79,0.46,236481602000,1.61,11,8,凤凰B股,10.08
104,非银金融,BK1203,2416.94,10.84,0.45,7089178112000,0.96,56,21,中国平安,2.76
105,社会服务,BK1214,3877.81,16.85,0.44,466479744000,3.64,50,35,传智教育,10.03
106,粮油加工,BK1504,1293.97,5.6,0.43,167586942000,1.74,6,2,金龙鱼,2.28
107,渔业,BK1260,891.3,3.82,0.43,16089440000,2.64,4,1,大湖股份,1.6
108,多元金融,BK0738,566.1,2.38,0.42,510288976000,1.16,18,7,拉卡拉,2.39
109,交通运输,BK1210,2371.29,9.51,0.4,3232963856000,0.84,90,35,原尚股份,9.99
110,种植业,BK1261,2168.5,8.61,0.4,129450899000,2.43,11,10,宏辉果蔬,8.42
111,铁路公路,BK0421,8360.75,32.93,0.4,810610976000,0.67,26,9,四川成渝,4.7
112,租赁,BK1365,2930.56,11.42,0.39,75206405000,1.28,2,1,海南华铁,1.01
113,种子,BK1518,3479.55,12.92,0.37,48808912000,2.96,6,4,隆平高科,1.93
114,冰洗,BK1449,1849.83,6.49,0.35,253825291000,0.98,5,2,惠而浦,2.81
115,证券Ⅲ,BK1366,140266.27,491.38,0.35,3599735888000,1.05,34,13,华林证券,2.3
116,证券Ⅱ,BK0473,140266.27,491.38,0.35,3599735888000,1.05,34,13,华林证券,2.3
117,畜禽饲料,BK1508,1705.47,5.87,0.35,71429105000,1.31,6,2,新 希 望,1.45
118,其他酒类,BK1578,1427.81,4.77,0.34,60974052000,1.79,6,3,古越龙山,2.26
119,民爆制品,BK1427,4049.28,13.46,0.33,116579652000,1.57,6,7,高争民爆,10.0
120,厨房小家电,BK1457,1964.93,6.07,0.31,74101161000,1.22,6,5,苏 泊 尔,5.15
121,酒店餐饮,BK1271,2115.76,6.48,0.31,55928686000,4.1,6,3,西安饮食,10.02
122,自然景区,BK1563,2803.5,8.52,0.3,57078163000,2.35,10,2,九华旅游,1.62
123,特钢Ⅲ,BK1370,1943.18,5.64,0.29,174775432000,0.99,8,4,西宁特钢,2.24
124,特钢Ⅱ,BK1227,1943.18,5.64,0.29,174775432000,0.99,8,4,西宁特钢,2.24
125,金融信息服务,BK1360,4503.64,12.98,0.29,34314236000,4.55,2,1,拉卡拉,2.39
126,高速公路,BK1483,2695.31,7.27,0.27,373863648000,0.68,14,6,四川成渝,4.7
127,百货,BK1551,1790.19,4.76,0.27,110507949000,2.89,9,8,南宁百货,10.06
128,海洋捕捞,BK1513,982.64,2.53,0.26,5197753000,1.49,2,1,中  鲁Ｂ,1.15
129,电视广播Ⅲ,BK1291,1141.64,2.83,0.25,119970408000,1.52,7,4,新媒股份,2.46
130,电视广播Ⅱ,BK1219,1141.64,2.83,0.25,119970408000,1.52,7,4,新媒股份,2.46
131,水泥制造,BK1464,1965.89,4.72,0.24,249392037000,1.06,8,5,西藏天路,5.43
132,国际工程,BK1475,2459.3,5.39,0.22,50189203000,1.32,2,2,中材国际,1.39
133,综合Ⅲ,BK1627,11029.75,23.51,0.21,183195389000,2.84,9,13,中国宝安,10.0
134,综合,BK1217,11029.75,23.51,0.21,183195389000,2.84,9,13,中国宝安,10.0
135,综合Ⅱ,BK0539,11029.75,23.51,0.21,183195389000,2.84,9,13,中国宝安,10.0
136,工程机械整机,BK1393,4297.78,9.03,0.21,587723936000,1.44,16,6,同力股份,3.51
137,摩托车,BK1521,3484.61,6.95,0.2,161014210000,1.52,6,3,钱江摩托,7.04
138,肉鸡养殖,BK1511,3047.84,5.95,0.2,65532149000,2.01,3,5,圣农发展,2.02
139,出版,BK1218,1797.14,3.41,0.19,238289474000,1.06,16,10,皖新传媒,2.89
140,冶钢辅料,BK1372,5910.41,10.92,0.19,84748765000,0.93,2,1,鄂尔多斯,1.2
141,纯碱,BK1417,974.16,1.67,0.17,47858648000,2.02,2,2,江盐集团,1.46
142,养殖业,BK1259,3530.08,5.11,0.14,488285088000,1.67,11,9,牧原股份,2.67
143,水产饲料,BK1509,5652.24,8.08,0.14,93749164000,1.18,2,1,海大集团,2.22
144,基建市政工程,BK1472,1957.55,2.77,0.14,748555168000,0.81,18,8,*ST正平,2.79
145,综合电商,BK1548,986.58,1.37,0.14,24787345000,0.41,1,1,国联股份,1.11
146,广告媒体,BK1292,2240.65,3.08,0.14,88295631000,1.48,1,2,分众传媒,2.74
147,农林牧渔,BK0433,12979.25,15.49,0.12,1187183088000,1.93,61,46,宏辉果蔬,8.42
148,线下药店,BK1606,3403.74,3.92,0.12,80878513000,1.58,4,3,健之佳,1.47
149,烘焙食品,BK1582,674.1,0.65,0.1,37718401000,2.04,4,4,ST麦趣,3.14
150,肉制品,BK1580,2438.79,2.31,0.09,119830767000,3.8,5,2,ST龙大,5.29
151,钢铁管材,BK1368,581.4,0.43,0.07,25588262000,1.5,2,1,友发集团,1.17
152,大宗用纸,BK1544,1886.7,1.08,0.06,90860399000,1.31,5,5,博汇纸业,3.18
153,小家电,BK1244,2032.2,0.84,0.04,199218298000,1.29,12,12,苏 泊 尔,5.15
154,轮胎轮毂,BK1527,2638.59,0.71,0.03,239675944000,1.53,11,9,赛轮轮胎,3.47
155,家纺,BK1353,3993.57,0.98,0.02,30785477000,1.43,3,4,太湖雪,3.63
156,水力发电,BK1380,3970.3,0.54,0.01,1284584192000,0.82,7,4,长江电力,1.94
157,清洁小家电,BK1459,1922.86,0.05,0.0,106349484000,1.35,5,4,欧圣电气,4.78
158,保健品,BK1579,3270.19,-0.15,0.0,49185584000,2.66,6,3,金达威,2.31
159,文化用品,BK1542,2592.16,-0.48,-0.02,37998756000,2.35,4,1,创源股份,2.07
160,辅料,BK1348,2738.43,-0.98,-0.04,22469740000,3.1,2,2,夜光明,2.4
161,生活用纸,BK1495,1131.63,-0.45,-0.04,53328336000,2.2,6,3,中顺洁柔,3.88
162,一般零售,BK0482,15534.1,-8.96,-0.06,428411648000,2.72,30,25,南宁百货,10.06
163,多业态零售,BK1553,1348.61,-0.8,-0.06,63770488000,2.05,7,8,百联股份,3.07
164,玻璃制造,BK1461,1788.2,-1.15,-0.06,50059341000,1.97,5,3,金晶科技,2.43
165,动力煤,BK1493,2293.84,-1.53,-0.07,1988534832000,0.98,9,7,大有能源,1.95
166,商业地产,BK1345,1188.22,-0.81,-0.07,190525516000,1.06,4,7,陆家嘴,9.96
167,物流,BK0422,6651.38,-4.66,-0.07,648983808000,1.14,25,19,原尚股份,9.99
168,磷肥及磷化工,BK1435,2995.07,-2.52,-0.08,195315960000,2.15,4,5,川金诺,2.9
169,商业物业经营,BK1554,1632.68,-1.69,-0.1,186898507000,1.82,11,5,锦和商管,2.22
170,房屋建设Ⅲ,BK1470,1781.7,-2.19,-0.12,262340336000,1.06,3,3,浙江建投,3.17
171,房屋建设Ⅱ,BK1246,1781.7,-2.19,-0.12,262340336000,1.06,3,3,浙江建投,3.17
172,汽车服务,BK1016,884.18,-1.18,-0.13,32862113000,1.49,6,3,国机汽车,2.53
173,煤炭开采,BK1250,1788.45,-2.39,-0.13,2193718736000,1.05,15,11,大有能源,1.95
174,品牌化妆品,BK1498,1457.83,-2.02,-0.14,93046363000,3.14,5,3,上海家化,2.31
175,医药商业,BK1042,1056.83,-1.59,-0.15,304406976000,1.62,17,13,人民同泰,2.87
176,检测服务,BK1566,7214.67,-10.91,-0.15,143492726000,2.46,8,15,天溯计量,19.99
177,黄金,BK1617,5609.66,-8.61,-0.15,483214864000,3.68,5,5,招金黄金,3.86
178,个护用品,BK1251,608.63,-1.02,-0.17,72963011000,2.22,7,6,中顺洁柔,3.88
179,疫苗,BK1598,3605.78,-6.22,-0.17,159351502000,1.71,8,5,智飞生物,2.14
180,钴,BK1620,1039.0,-1.85,-0.18,27537696000,2.3,0,2,寒锐钴业,-0.09
181,休闲食品,BK1281,2031.46,-3.7,-0.18,162550237000,3.1,10,12,万辰集团,3.64
182,炭黑,BK1442,1583.13,-3.45,-0.22,22633301000,2.24,2,3,确成股份,1.4
183,软饮料,BK1586,1848.01,-4.1,-0.22,184119326000,2.8,3,4,承德露露,2.59
184,其他黑色家电,BK1454,2512.51,-5.68,-0.23,33763951000,2.17,2,3,极米科技,2.09
185,数字媒体,BK1221,5758.09,-13.7,-0.24,169801357000,3.85,6,9,返利科技,10.06
186,医药流通,BK1607,1957.72,-4.68,-0.24,223528466000,1.63,13,10,人民同泰,2.87
187,焦煤,BK1494,1163.11,-2.87,-0.25,205183903000,1.26,6,4,上海能源,1.05
188,煤炭,BK0437,12841.01,-31.81,-0.25,2245194800000,1.1,18,15,大有能源,1.95
189,大众出版,BK1289,1547.35,-3.84,-0.25,115314318000,1.23,8,8,皖新传媒,2.89
190,卫浴制品,BK1541,590.93,-1.77,-0.3,30381437000,1.24,2,5,建霖家居,2.95
191,棉纺,BK1349,2507.82,-7.64,-0.3,46529894000,2.67,5,4,联发股份,1.8
192,水泥,BK0424,24191.81,-76.49,-0.32,276000704000,1.16,9,13,西藏天路,5.43
193,非运动服装,BK1352,1942.45,-6.29,-0.32,222488937000,1.73,16,19,朗姿股份,9.7
194,零食,BK1583,1879.83,-6.38,-0.34,104071975000,4.6,5,6,万辰集团,3.64
195,光伏电池组件,BK1315,2162.66,-7.75,-0.36,297641392000,2.18,10,11,弘元绿能,10.02
196,美容护理,BK1035,872.43,-3.29,-0.38,265853662000,2.49,18,13,芭薇股份,4.44
197,涤纶,BK1413,1506.55,-5.72,-0.38,73334297000,0.98,5,4,天富龙,1.49
198,食品及饲料添加剂,BK1429,1931.46,-7.5,-0.39,238435231000,1.47,8,16,华宝股份,4.07
199,垂直应用软件,BK1447,7632.26,-29.81,-0.39,976497504000,3.6,46,53,普联软件,20.03
200,软件开发,BK0737,974.75,-3.81,-0.39,1491600640000,3.66,59,74,普联软件,20.03
201,横向通用软件,BK1448,5590.6,-22.08,-0.39,515103136000,3.79,13,21,泛微网络,9.99
202,冶钢原料,BK1228,3578.97,-14.34,-0.4,149183657000,1.12,4,4,鄂尔多斯,1.2
203,贸易Ⅲ,BK1550,9316.88,-37.86,-0.4,139931393000,1.25,6,7,江苏国泰,2.71
204,贸易Ⅱ,BK0484,9316.88,-37.86,-0.4,139931393000,1.25,6,7,江苏国泰,2.71
205,饮料乳品,BK1282,2151.95,-9.1,-0.42,444693984000,3.02,12,14,一鸣食品,9.99
206,纺织服饰,BK0436,12554.28,-53.45,-0.42,594098784000,2.09,49,57,朗姿股份,9.7
207,其他家电Ⅲ,BK1456,1078.42,-4.6,-0.42,9444624000,1.19,1,2,奥佳华,0.21
208,其他家电Ⅱ,BK1243,1078.42,-4.6,-0.42,9444624000,1.19,1,2,奥佳华,0.21
209,熟食,BK1584,1957.14,-8.68,-0.44,20759860000,1.99,1,2,ST绝味,0.77
210,洗护用品,BK1496,562.38,-2.55,-0.45,19634675000,2.31,1,3,润本股份,1.31
211,其他农产品加工,BK1505,2242.99,-10.32,-0.46,70621512000,2.0,6,7,晨光生物,4.56
212,房地产开发,BK0451,12877.7,-60.05,-0.46,839183888000,1.69,32,49,香江控股,9.89
213,房地产,BK1202,1824.95,-9.14,-0.5,897636864000,1.69,36,58,香江控股,9.89
214,乳品,BK1585,2085.39,-10.6,-0.51,260574659000,3.11,9,10,一鸣食品,9.99
215,物业管理,BK1343,1600.43,-8.39,-0.52,38301707000,1.4,4,5,ST中装,1.36
216,专业服务,BK1043,1326.51,-7.06,-0.53,191971358000,2.33,14,19,天溯计量,19.99
217,广告营销,BK1220,4230.36,-22.66,-0.53,276875968000,4.86,9,21,福石控股,6.75
218,炼化及贸易,BK1274,3143.37,-16.84,-0.53,3262216496000,0.36,12,18,中国石油,3.49
219,纺织制造,BK1224,2431.78,-13.03,-0.53,185469607000,2.25,15,18,富春染织,6.54
220,传媒,BK0486,8916.35,-48.62,-0.54,1368928880000,3.3,48,75,返利科技,10.06
221,钢结构,BK1474,2532.98,-14.16,-0.56,56941501000,1.57,2,7,百甲科技,1.04
222,个护小家电,BK1458,759.81,-4.64,-0.61,18767652000,1.6,1,3,飞科电器,2.1
223,营销代理,BK1293,3995.97,-24.42,-0.61,188580331000,7.49,8,19,福石控股,6.75
224,商贸零售,BK1213,2058.24,-12.78,-0.62,855016880000,2.48,46,47,南宁百货,10.06
225,氨纶,BK1412,2806.01,-17.62,-0.62,55332364000,1.23,0,1,华峰化学,-0.62
226,农用机械,BK1404,1515.73,-9.83,-0.64,43524135000,2.03,5,5,花溪科技,5.65
227,体外诊断,BK1603,3075.17,-20.03,-0.65,268421796000,1.68,21,17,万泰生物,4.04
228,钛白粉,BK1421,1808.14,-11.88,-0.65,68963942000,1.53,1,5,龙佰集团,0.66
229,工程机械,BK0739,2080.81,-13.99,-0.67,780401024000,1.43,20,14,恒立钻具,3.73
230,原材料供应链服务,BK1490,2719.38,-18.36,-0.67,109560341000,1.06,5,6,厦门象屿,2.13
231,家用电器,BK0456,21460.78,-146.85,-0.68,2004313680000,1.53,44,62,火星人,20.04
232,焦炭Ⅲ,BK1492,722.75,-4.99,-0.69,51476053000,1.44,3,4,开滦股份,0.37
233,焦炭Ⅱ,BK1249,722.75,-4.99,-0.69,51476053000,1.44,3,4,开滦股份,0.37
234,房地产服务,BK1045,987.87,-6.98,-0.7,58452967000,1.66,4,9,ST中装,1.36
235,氮肥,BK1432,1839.84,-13.06,-0.7,94687391000,4.44,2,4,华鲁恒升,1.62
236,贵金属,BK0732,2113.52,-15.64,-0.73,577408048000,4.01,5,8,招金黄金,3.86
237,医院,BK1601,6099.41,-46.24,-0.75,193019748000,2.2,6,9,华厦眼科,2.66
238,图片媒体,BK1297,2826.83,-21.95,-0.77,11727666000,4.37,0,1,视觉中国,-0.77
239,光伏辅材,BK1316,2145.49,-16.73,-0.77,154453206000,2.0,7,10,欧晶科技,4.84
240,铅锌,BK1614,2300.24,-17.95,-0.77,174051696000,2.34,4,7,新威凌,2.43
241,化学纤维,BK0471,15764.45,-123.55,-0.78,260394881000,1.6,8,16,海阳科技,9.99
242,配电设备,BK1310,3194.93,-25.33,-0.79,203290501000,2.59,5,23,昊创瑞通,20.0
243,超市,BK1552,1630.06,-13.43,-0.82,67234697000,4.78,3,4,永辉超市,1.89
244,服装家纺,BK1225,2188.69,-18.34,-0.83,301809648000,2.0,22,35,朗姿股份,9.7
245,汽车,BK1211,3616.33,-30.39,-0.83,4373655552000,1.94,135,183,凤凰B股,10.08
246,农产品加工,BK1256,2067.89,-17.41,-0.83,274361152000,1.92,12,15,晨光生物,4.56
247,中药Ⅲ,BK1608,1292.81,-10.89,-0.84,785948048000,1.99,25,40,东阿阿胶,2.68
248,中药Ⅱ,BK1040,1292.81,-10.89,-0.84,785948048000,1.99,25,40,东阿阿胶,2.68
249,铝,BK1613,2458.52,-20.91,-0.84,907868208000,2.37,14,16,华峰铝业,4.25
250,游戏Ⅲ,BK1301,1248.55,-10.72,-0.85,408555824000,4.15,8,16,凯撒文化,4.85
251,游戏Ⅱ,BK1046,1248.55,-10.72,-0.85,408555824000,4.15,8,16,凯撒文化,4.85
252,住宅开发,BK1346,1740.87,-15.2,-0.87,521063792000,1.9,19,37,香江控股,9.89
253,铁矿石,BK1371,1663.64,-14.54,-0.87,64434891000,1.89,2,3,金岭矿业,0.75
254,体育Ⅲ,BK1564,807.94,-7.09,-0.87,15558345000,3.51,0,2,力盛体育,0.0
255,体育Ⅱ,BK1273,807.94,-7.09,-0.87,15558345000,3.51,0,2,力盛体育,0.0
256,仓储物流,BK1486,3775.17,-33.3,-0.87,31942359000,1.17,2,4,中储股份,1.72
257,能源及重型设备,BK1403,1938.29,-17.37,-0.89,510719728000,1.63,20,41,和泰机电,10.0
258,固废治理,BK1389,2756.9,-25.01,-0.9,312969440000,1.66,15,20,中科环保,4.36
259,电工仪器仪表,BK1308,2337.67,-21.24,-0.9,79253622000,2.23,6,8,海兴电力,9.98
260,镍,BK1622,4772.9,-44.22,-0.92,75608553000,2.73,0,1,华友钴业,-0.92
261,造纸,BK1267,2328.8,-21.92,-0.93,156386130000,1.71,7,16,恒丰纸业,4.18
262,食用菌,BK1517,1175.43,-11.25,-0.95,11055955000,3.43,1,3,博闻科技,0.44
263,玻璃玻纤,BK0546,60850.47,-585.77,-0.95,550664224000,5.11,7,9,国际复材,9.04
264,车身附件及饰件,BK1525,4526.35,-44.2,-0.97,467650176000,1.54,19,24,明新旭腾,9.99
265,光伏设备,BK1031,1074.21,-10.57,-0.97,1291475152000,2.23,28,36,弘元绿能,10.02
266,印刷包装机械,BK1406,2039.0,-20.16,-0.98,46458424000,2.9,1,11,春光智能,11.13
267,文娱用品,BK1266,2912.17,-29.48,-1.0,99910238000,2.68,7,14,天元宠物,2.73
268,氯碱,BK1418,2041.71,-20.94,-1.02,146661944000,1.95,6,6,氯碱化工,1.83
269,化学原料,BK1019,969.35,-10.17,-1.04,786332112000,2.09,26,34,金牛化工,6.77
270,工业金属,BK1287,3019.2,-32.03,-1.05,2943605328000,2.04,21,37,华峰铝业,4.25
271,工程咨询服务Ⅲ,BK1471,729.35,-7.75,-1.05,195253241000,4.36,15,31,华建集团,10.02
272,工程咨询服务Ⅱ,BK0726,729.35,-7.75,-1.05,195253241000,4.36,15,31,华建集团,10.02
273,风力发电,BK1374,2024.18,-21.76,-1.06,759333280000,1.58,6,10,立新能源,6.37
274,医疗耗材,BK1604,4061.43,-44.11,-1.07,410430896000,2.2,18,34,中红医疗,10.35
275,基础建设,BK1247,1988.18,-21.66,-1.08,787940576000,0.98,19,23,*ST正平,2.79
276,其他家居用品,BK1540,5797.96,-63.31,-1.08,180334420000,1.83,7,18,悍高集团,5.07
277,轨交设备Ⅲ,BK1394,1588.75,-17.41,-1.08,414948224000,1.03,10,20,中国中车,2.59
278,轨交设备Ⅱ,BK1236,1588.75,-17.41,-1.08,414948224000,1.03,10,20,中国中车,2.59
279,大气治理,BK1388,2806.89,-31.04,-1.09,15637760000,2.92,2,5,中创环保,3.88
280,化学工程,BK1476,2224.34,-24.89,-1.11,68855890000,1.23,3,3,三联虹普,1.42
281,硅料硅片,BK1319,1672.83,-18.77,-1.11,89801071000,2.78,2,2,大全能源,3.85
282,房产租赁经纪,BK1341,1222.97,-13.77,-1.11,16401668000,2.04,0,3,我爱我家,-0.89
283,其他饰品,BK1356,562.17,-6.44,-1.13,5034908000,1.18,0,1,瑞贝卡,0.0
284,燃气Ⅲ,BK1381,1782.62,-20.69,-1.15,252399366000,2.1,10,19,佛燃能源,2.28
285,燃气Ⅱ,BK1028,1782.62,-20.69,-1.15,252399366000,2.1,10,19,佛燃能源,2.28
286,其他化学原料,BK1420,2824.28,-33.1,-1.16,157868029000,1.63,7,10,华尔泰,1.54
287,医疗器械,BK1041,851.24,-10.0,-1.16,1242082800000,2.13,53,80,中红医疗,10.35
288,黑色家电,BK1241,3768.32,-44.41,-1.16,135162397000,1.67,3,6,极米科技,2.09
289,水泥制品,BK1463,1834.56,-21.9,-1.18,26608665000,1.75,1,8,西部建设,1.75
290,耐火材料,BK1467,1870.11,-22.49,-1.19,30644335000,1.47,0,8,科创新材,0.0
291,火电设备,BK1321,1382.57,-16.85,-1.2,24142590000,3.6,1,3,西子洁能,10.04
292,酒店,BK1560,2241.53,-27.32,-1.2,44435245000,4.61,3,2,首旅酒店,0.97
293,资产管理,BK1364,3274.64,-39.94,-1.2,34925908000,1.62,1,3,海德股份,1.33
294,金属包装,BK1532,2756.82,-33.64,-1.21,50963112000,3.16,3,4,英联股份,10.04
295,其他能源发电,BK1378,1421.09,-17.47,-1.21,10636540000,0.66,0,2,长青集团,-1.06
296,汽车零部件,BK0481,39819.43,-500.38,-1.24,2385619072000,2.04,97,171,明新旭腾,9.99
297,底盘与发动机系统,BK1526,3736.37,-47.52,-1.26,974816224000,2.31,38,72,浙江世宝,10.02
298,管材,BK1466,1671.22,-21.33,-1.26,32020098000,1.25,2,5,伟星新材,1.38
299,其他石化,BK1570,2576.63,-32.98,-1.26,109748199000,1.84,3,11,岳阳兴长,1.09
300,其他纺织,BK1350,1778.82,-22.88,-1.27,57822045000,1.88,4,11,台华新材,1.99
301,航空装备Ⅲ,BK1384,3901.21,-50.76,-1.28,1081165344000,1.46,22,27,迈信林,4.04
302,航空装备Ⅱ,BK1231,3901.21,-50.76,-1.28,1081165344000,1.46,22,27,迈信林,4.04
303,娱乐用品,BK1543,2272.32,-30.14,-1.31,61911481000,2.83,3,13,天元宠物,2.73
304,建筑材料,BK1208,3377.26,-44.91,-1.31,1057059152000,2.37,21,54,国际复材,9.04
305,能源金属,BK1015,791.83,-10.82,-1.35,406275424000,4.22,3,8,永杉锂业,1.01
306,计算机,BK1207,7129.31,-97.69,-1.35,4098786032000,3.44,113,245,普联软件,20.03
307,轻工制造,BK1212,2954.75,-40.62,-1.36,925468912000,2.21,53,112,爱丽家居,9.98
308,电能综合服务,BK1373,3238.79,-44.68,-1.36,208106179000,1.68,4,11,XD三峡水,2.31
309,综合包装,BK1536,1183.36,-16.58,-1.38,14776776000,2.43,3,3,康欣新材,1.39
310,其他养殖,BK1510,726.38,-10.18,-1.38,7854290000,1.14,0,2,*ST福成,0.0
311,公用事业,BK0427,9192.19,-129.69,-1.39,4283648928000,1.72,44,96,华光环能,9.98
312,林业Ⅲ,BK1502,3896.61,-56.56,-1.43,17131833000,5.28,0,4,福建金森,-0.48
313,林业Ⅱ,BK1255,3896.61,-56.56,-1.43,17131833000,5.28,0,4,福建金森,-0.48
314,定制家居,BK1539,6131.25,-89.09,-1.43,67890546000,2.35,5,11,索菲亚,4.18
315,风电设备,BK1032,1215.89,-17.75,-1.44,363686448000,2.65,12,19,电气风电,5.17
316,环境治理,BK1235,2177.0,-31.79,-1.44,654878064000,1.63,32,72,中科环保,4.36
317,化妆品,BK1252,1891.97,-27.76,-1.45,120941258000,2.87,7,7,芭薇股份,4.44
318,涂料,BK1469,906.1,-13.35,-1.45,23830530000,1.24,0,2,三棵树,-0.37
319,房地产综合服务,BK1342,1290.6,-19.04,-1.45,3749591000,1.89,0,1,珠江股份,-1.45
320,电力,BK0428,19009.0,-281.4,-1.46,4031249568000,1.7,34,77,华光环能,9.98
321,粘胶,BK1416,1337.13,-19.9,-1.47,20420078000,2.4,1,2,吉林化纤,0.53
322,照明设备Ⅲ,BK1460,2509.85,-37.64,-1.48,76877872000,1.22,6,9,恒太照明,3.03
323,照明设备Ⅱ,BK1245,2509.85,-37.64,-1.48,76877872000,1.22,6,9,恒太照明,3.03
324,家居用品,BK0440,42654.06,-640.2,-1.48,443197216000,2.05,23,53,爱丽家居,9.98
325,逆变器,BK1320,13930.77,-210.93,-1.49,413657488000,2.53,4,6,禾迈股份,2.22
326,汽车电子电气系统,BK1529,3290.49,-50.55,-1.51,416238992000,2.21,13,28,大明电子,10.02
327,橡胶,BK1018,1272.75,-19.87,-1.54,106783523000,2.4,6,15,中裕科技,2.87
328,包装印刷,BK1265,3320.08,-51.89,-1.54,225975326000,2.74,16,29,英联股份,10.04
329,基础化工,BK1206,3272.06,-51.55,-1.55,4359435776000,2.54,142,293,高争民爆,10.0
330,运动服装,BK1355,2457.23,-38.87,-1.56,13849086000,5.45,1,3,泰慕士,0.57
331,IT服务Ⅲ,BK1444,7156.22,-114.59,-1.58,1244412752000,3.69,37,101,税友股份,10.0
332,IT服务Ⅱ,BK1238,7156.22,-114.59,-1.58,1244412752000,3.69,37,101,税友股份,10.0
333,综合环境治理,BK1391,1525.41,-24.46,-1.58,60918811000,2.77,2,13,艾布鲁,3.73
334,铜,BK1615,3466.95,-56.11,-1.59,1861685424000,1.7,3,14,紫金矿业,1.71
335,建筑装饰,BK1209,2667.03,-43.68,-1.61,1713891312000,1.34,50,103,华建集团,10.02
336,电池化学品,BK1302,10426.73,-171.14,-1.61,797449328000,2.9,11,31,尚太科技,2.45
337,其他橡胶制品,BK1441,3673.39,-61.69,-1.65,46979322000,2.22,4,10,中裕科技,2.87
338,航海装备Ⅲ,BK1383,4674.06,-78.56,-1.65,492949344000,1.79,0,10,中国海防,-0.11
339,航海装备Ⅱ,BK1230,4674.06,-78.56,-1.65,492949344000,1.79,0,10,中国海防,-0.11
340,油品石化贸易,BK1571,2771.0,-46.62,-1.65,25099310000,2.9,2,4,泰山石油,1.74
341,医药生物,BK1216,4233.09,-71.89,-1.67,6478091264000,2.29,153,345,联环药业,9.97
342,其他汽车零部件,BK1528,4192.43,-72.19,-1.69,287237728000,2.02,16,38,文灿股份,9.99
343,环保,BK0728,493.4,-8.5,-1.69,787038320000,1.77,38,92,神雾节能,9.97
344,锂,BK1621,14383.09,-247.83,-1.69,303129168000,4.87,3,5,永杉锂业,1.01
345,燃料电池,BK1305,244.88,-4.25,-1.71,4016885000,1.52,0,1,亿华通-U,-1.71
346,综合电力设备商,BK1323,1188.54,-20.7,-1.71,193219193000,1.07,0,2,上海电气,-1.15
347,电商服务,BK1546,2068.48,-36.08,-1.71,37316728000,4.36,2,5,若羽臣,3.37
348,诊断服务,BK1602,5027.31,-87.78,-1.72,44369614000,2.33,0,5,金域医学,-1.02
349,火力发电,BK1377,2435.9,-42.94,-1.73,1032961904000,2.17,10,23,华能蒙电,3.93
350,医疗设备,BK1605,5328.78,-94.27,-1.74,563230112000,2.54,14,29,迈瑞医疗,4.35
351,蓄电池及其他电池,BK1306,2099.6,-37.29,-1.75,72857024000,5.38,4,6,圣阳股份,4.03
352,稀土,BK1626,8488.6,-151.89,-1.76,250259351000,1.79,0,4,北方稀土,-0.51
353,热力服务,BK1379,2886.3,-52.52,-1.79,117080934000,3.1,4,14,华光环能,9.98
354,水务及水治理,BK1390,1818.36,-33.64,-1.82,265352057000,1.3,13,34,顺控发展,2.25
355,纸包装,BK1535,1750.05,-32.76,-1.84,108926621000,2.67,4,16,陕西金叶,3.56
356,特种纸,BK1545,2233.51,-42.01,-1.85,65525731000,2.6,2,11,恒丰纸业,4.18
357,其他医疗服务,BK1599,3704.99,-69.93,-1.85,18489501000,2.28,0,5,润达医疗,-0.53
358,会展服务,BK1565,1126.84,-21.45,-1.87,14054234000,5.34,1,2,兰生股份,0.39
359,化学制剂,BK1594,3577.21,-70.53,-1.93,1980490992000,2.93,27,85,联环药业,9.97
360,风电零部件,BK1313,1810.23,-35.77,-1.94,217372124000,2.99,9,17,日月股份,2.22
361,玻纤制造,BK1462,13938.74,-277.77,-1.95,500604880000,8.61,2,6,国际复材,9.04
362,楼宇设备,BK1402,2036.51,-40.79,-1.96,71637646000,1.41,5,11,朗鸿科技,3.19
363,涂料油墨,BK1430,3243.86,-65.0,-1.96,73178153000,2.85,5,12,慧谷新材,4.76
364,聚氨酯,BK1426,3250.3,-65.24,-1.97,270050160000,2.81,2,7,万华化学,2.78
365,影视动漫制作,BK1299,3105.2,-62.35,-1.97,121105908000,4.06,2,11,上海电影,0.47
366,电池,BK1033,1249.7,-25.18,-1.98,3469407712000,3.18,28,76,赢合科技,4.3
367,锂电专用设备,BK1304,19600.12,-399.21,-2.0,147501569000,2.7,4,14,赢合科技,4.3
368,瓷砖地板,BK1538,1320.05,-27.02,-2.01,68546972000,2.58,5,7,爱丽家居,9.98
369,有色金属,BK0478,24604.92,-505.55,-2.01,5252729344000,2.47,38,106,华峰铝业,4.25
370,化学制药,BK0465,33059.69,-679.79,-2.01,2293742960000,2.83,35,123,联环药业,9.97
371,专用设备,BK0910,3013.99,-62.42,-2.03,1460930720000,2.08,51,149,和泰机电,10.0
372,国防军工,BK1204,5055.78,-106.16,-2.06,2809870352000,2.09,33,106,长城军工,6.96
373,化学制品,BK0538,28344.19,-597.4,-2.06,1605890176000,2.93,45,134,高争民爆,10.0
374,影视院线,BK1222,3045.23,-64.41,-2.07,155435856000,3.93,2,15,上海电影,0.47
375,装修建材,BK0476,14265.19,-302.52,-2.08,230394234000,1.81,5,32,伟星新材,1.38
376,生物制品,BK1044,894.28,-19.59,-2.14,840335472000,1.5,17,41,天坛生物,2.15
377,工程机械器件,BK1392,14019.41,-308.6,-2.15,192677096000,1.28,4,8,恒立钻具,3.73
378,塑料包装,BK1533,3591.62,-79.36,-2.16,38229405000,2.49,4,5,沪江材料,2.45
379,电力设备,BK1200,5559.4,-124.22,-2.19,7529504512000,2.93,106,297,金龙羽,10.03
380,原料药,BK1595,3376.32,-76.48,-2.22,313251968000,2.48,8,38,欧康医药,5.1
381,氟化工,BK1424,12948.82,-293.6,-2.22,293906224000,3.7,2,8,巨化股份,1.28
382,其他化学纤维,BK1415,2886.66,-65.56,-2.22,89445048000,2.6,1,7,双欣材料,0.47
383,成品家居,BK1537,2250.31,-51.15,-2.22,96043831000,2.07,4,12,慕思股份,3.49
384,其他计算机设备,BK1446,7247.58,-168.33,-2.27,872647472000,3.28,15,47,苏州科达,9.96
385,电机Ⅲ,BK1307,2164.94,-50.73,-2.29,225496694000,2.4,7,20,中电电机,6.93
386,电机Ⅱ,BK1030,2164.94,-50.73,-2.29,225496694000,2.4,7,20,中电电机,6.93
387,汽车综合服务,BK1524,1043.62,-24.65,-2.31,14368393000,2.42,1,2,中汽股份,0.76
388,教育运营及其他,BK1556,719.79,-17.22,-2.34,8512813000,3.71,0,2,博瑞传播,-1.05
389,彩电,BK1453,3982.12,-95.36,-2.34,101398445000,1.53,1,3,海信视像,0.51
390,文字媒体,BK1298,2289.1,-55.64,-2.37,23955939000,5.79,0,2,掌阅科技,-1.7
391,家电零部件Ⅲ,BK1455,4535.94,-112.81,-2.43,325289360000,2.39,7,28,海立股份,6.11
392,家电零部件Ⅱ,BK1242,4535.94,-112.81,-2.43,325289360000,2.39,7,28,海立股份,6.11
393,院线,BK1300,545.29,-13.6,-2.43,34329947000,3.33,0,4,横店影视,-0.29
394,光伏加工设备,BK1317,5932.53,-148.97,-2.45,184627255000,2.63,3,7,拉普拉斯,1.8
395,计算机设备,BK0735,1420.95,-35.9,-2.46,1362772640000,2.69,17,70,苏州科达,9.96
396,锂电池,BK1303,16474.16,-426.48,-2.52,2447582896000,3.22,9,24,远航精密,3.84
397,电网设备,BK0457,33572.5,-880.3,-2.56,1585103760000,3.79,28,115,金龙羽,10.03
398,装修装饰Ⅲ,BK1478,727.61,-19.14,-2.56,90943323000,2.47,2,19,恒尚节能,9.99
399,装修装饰Ⅱ,BK0725,727.61,-19.14,-2.56,90943323000,2.47,2,19,恒尚节能,9.99
400,制冷空调设备,BK1400,3787.87,-100.86,-2.59,147379095000,3.08,6,13,亿利达,10.04
401,有机硅,BK1431,2933.09,-78.35,-2.6,94137020000,2.81,2,8,江瀚新材,1.22
402,纺织服装设备,BK1401,3209.71,-87.18,-2.64,70296962000,2.54,1,12,物产金轮,0.57
403,其他小金属,BK1624,4522.84,-122.99,-2.65,362663600000,4.03,2,13,宝钛股份,1.15
404,专业工程,BK1248,3262.55,-89.38,-2.67,377413840000,1.4,11,27,三联虹普,1.42
405,其他化学制品,BK1428,3722.49,-102.07,-2.67,406174544000,2.93,19,60,鼎际得,4.98
406,白银,BK1616,4018.37,-110.29,-2.67,94193177000,5.25,0,3,湖南白银,-1.67
407,端到端供应链服务,BK1491,1429.02,-39.4,-2.68,20856028000,3.49,0,7,飞力达,-0.19
408,其他建材Ⅲ,BK1468,4182.64,-115.35,-2.68,106049135000,2.14,2,15,海螺新材,1.37
409,品牌消费电子,BK1337,2496.77,-69.65,-2.71,278020624000,3.01,3,8,安克创新,3.37
410,光伏发电,BK1375,3156.3,-88.89,-2.74,122644166000,4.01,1,12,太阳能,0.22
411,其他塑料制品,BK1440,4198.0,-118.75,-2.75,97917053000,2.2,2,17,华润材料,2.68
412,环保设备Ⅲ,BK1387,3064.21,-86.8,-2.75,132160252000,2.8,6,20,神雾节能,9.97
413,环保设备Ⅱ,BK1234,3064.21,-86.8,-2.75,132160252000,2.8,6,20,神雾节能,9.97
414,合成树脂,BK1438,7144.6,-204.93,-2.79,145275278000,4.64,2,11,上纬新材,7.66
415,军工电子Ⅲ,BK1386,5702.88,-169.51,-2.89,781720944000,2.77,6,53,鸿远电子,6.68
416,军工电子Ⅱ,BK1233,5702.88,-169.51,-2.89,781720944000,2.77,6,53,鸿远电子,6.68
417,机械设备,BK1205,4076.98,-121.27,-2.89,5712510208000,2.46,132,475,亿利达,10.04
418,线缆部件及其他,BK1312,3346.65,-100.14,-2.91,319716704000,5.06,5,35,金龙羽,10.03
419,鞋帽及其他,BK1354,587.34,-17.62,-2.91,34686150000,3.07,2,9,牧高笛,0.99
420,安防设备,BK1445,4453.6,-134.37,-2.93,490125168000,1.63,2,23,思维列控,1.19
421,塑料,BK0454,18049.25,-550.45,-2.96,573872016000,3.61,8,67,双星新材,10.04
422,仪器仪表,BK0458,18042.73,-551.27,-2.96,515949344000,2.4,11,51,新芝生物,30.0
423,小金属,BK1027,3382.61,-103.86,-2.98,971755712000,2.91,2,24,宝钛股份,1.15
424,其他专用设备,BK1405,4843.82,-152.09,-3.04,718293824000,3.05,19,69,豪迈科技,6.95
425,改性塑料,BK1437,5897.08,-186.7,-3.07,141953104000,2.43,1,21,禾昌聚合,0.49
426,机床工具,BK1395,1575.05,-50.02,-3.08,115378361000,2.11,1,18,华中数控,1.01
427,钼,BK1623,1336.66,-42.48,-3.08,142004611000,1.56,0,3,盛龙股份,-1.67
428,工控设备,BK1407,5043.49,-161.0,-3.09,427946320000,2.56,6,26,汇川技术,3.08
429,磁性材料,BK1618,4866.68,-156.38,-3.11,165431627000,3.08,4,11,金力永磁,1.27
430,纺织化学制品,BK1423,1413.77,-46.05,-3.15,96607920000,6.52,1,11,锦鸡股份,2.65
431,通信服务,BK0736,955.77,-31.18,-3.16,3178244112000,1.03,6,33,中国电信,4.01
432,膜材料,BK1439,3102.04,-101.2,-3.16,188726587000,5.3,3,18,双星新材,10.04
433,化妆品制造及其他,BK1497,1977.71,-65.15,-3.19,27894894000,2.46,2,4,芭薇股份,4.44
434,园林工程,BK1473,3006.91,-99.74,-3.21,39385407000,2.64,1,15,天域生物,0.19
435,无机盐,BK1422,2673.37,-88.82,-3.22,116636745000,2.33,4,7,鲁银投资,2.55
436,通信工程及服务,BK1588,2418.17,-80.39,-3.22,80516510000,4.15,3,16,*ST亿通,0.62
437,其他生物制品,BK1596,6966.16,-237.65,-3.3,595189744000,1.86,4,35,西藏药业,1.62
438,电网自动化设备,BK1309,6057.7,-211.35,-3.37,457447936000,2.54,5,25,金智科技,3.24
439,医疗服务,BK0727,1200.55,-41.94,-3.38,1011575040000,2.72,6,48,华厦眼科,2.66
440,其他通信设备,BK1590,4657.88,-163.15,-3.38,70952369000,2.2,1,13,XD东信Ｂ,1.08
441,胶黏剂及胶带,BK1425,2406.79,-85.38,-3.43,16821266000,5.93,0,5,聚胶股份,-0.69
442,互联网电商,BK1268,2539.7,-90.22,-3.43,111325801000,2.54,4,13,若羽臣,3.37
443,其他专业服务,BK1567,924.96,-33.0,-3.44,12222009000,1.31,2,2,国义招标,1.46
444,通用设备,BK0545,42723.73,-1536.57,-3.47,1922555984000,4.0,37,212,亿利达,10.04
445,金属新材料,BK1288,5029.85,-184.23,-3.53,353684784000,2.93,7,29,惠同新材,3.39
446,果蔬加工,BK1503,2681.34,-98.89,-3.56,36152700000,1.85,0,6,朗源股份,-1.06
447,其他通用设备,BK1398,5007.73,-187.93,-3.62,362454224000,3.4,9,48,新锦动力,3.37
448,防水材料,BK1465,6295.27,-236.54,-3.62,37850133000,2.67,1,2,东方雨虹,0.76
449,输变电设备,BK1311,3816.64,-144.91,-3.66,525394992000,4.43,7,24,华明装备,3.27
450,非金属材料Ⅲ,BK1411,1687.62,-64.44,-3.68,101464770000,2.74,5,9,齐鲁华信,0.67
451,非金属材料Ⅱ,BK1020,1687.62,-64.44,-3.68,101464770000,2.74,5,9,齐鲁华信,0.67
452,金属制品,BK1396,4715.54,-180.98,-3.7,672969008000,5.63,9,70,方正阀门,4.96
453,LED,BK1333,6405.94,-247.17,-3.72,224319586000,3.18,0,30,利亚德,-0.38
454,其他金属新材料,BK1619,3194.31,-127.33,-3.83,188253154000,2.81,3,18,惠同新材,3.39
455,面板,BK1335,2862.09,-118.82,-3.99,778282080000,4.01,4,37,深华发Ｂ,2.16
456,通信应用增值服务,BK1589,4154.55,-175.36,-4.05,223600821000,4.08,0,17,ST恒信,-1.43
457,通信终端及配件,BK1593,3455.66,-147.74,-4.1,352603488000,4.19,5,20,亿联网络,2.12
458,被动元件,BK1339,11112.12,-482.08,-4.16,478946496000,9.4,2,17,东晶电子,6.35
459,其他电源设备Ⅱ,BK1034,2597.55,-115.19,-4.25,594334688000,2.05,3,31,西子洁能,10.04
460,消费电子,BK1037,1759.32,-80.41,-4.37,3080040864000,2.66,12,87,昀冢科技,16.16
461,通信线缆及配套,BK1592,18550.28,-850.38,-4.38,556843536000,8.27,2,11,永鼎股份,7.33
462,其他电子Ⅲ,BK1336,12557.23,-576.95,-4.39,360714672000,5.29,4,29,盈方微,4.32
463,其他电子Ⅱ,BK1223,12557.23,-576.95,-4.39,360714672000,5.29,4,29,盈方微,4.32
464,消费电子零部件及组装,BK1338,11324.92,-543.33,-4.58,2802020240000,2.64,9,79,昀冢科技,16.16
465,其他数字媒体,BK1295,758.7,-36.52,-4.59,8495328000,6.07,0,2,风语筑,-2.93
466,自动化设备,BK1237,9234.88,-446.55,-4.61,1133674240000,3.29,14,80,光韵达,4.62
467,橡胶助剂,BK1443,3805.42,-185.04,-4.64,37170899000,3.48,0,2,阳谷华泰,-0.22
468,航天装备Ⅲ,BK1385,4287.97,-208.97,-4.65,323155712000,1.68,0,9,理工导航,-0.63
469,航天装备Ⅱ,BK1232,4287.97,-208.97,-4.65,323155712000,1.68,0,9,理工导航,-0.63
470,通信,BK1215,6389.22,-312.82,-4.67,6680818432000,2.1,14,114,永鼎股份,7.33
471,光学光电子,BK1038,1762.92,-87.16,-4.71,1301299264000,3.92,5,92,深华发Ｂ,2.16
472,其他电源设备Ⅲ,BK1322,7590.65,-386.14,-4.84,376972896000,2.75,2,26,海博思创,0.54
473,其他专业工程,BK1477,2974.18,-152.51,-4.88,201427241000,1.42,4,15,铜冠矿建,1.28
474,数字芯片设计,BK1331,22154.64,-1204.65,-5.16,7386936064000,7.26,5,48,德明利,10.0
475,机器人,BK1408,8441.05,-467.98,-5.25,208273065000,3.83,3,18,派斯林,0.87
476,医疗研发外包,BK1600,6637.96,-370.07,-5.28,755696176000,3.98,0,29,药明康德,-0.81
477,其他自动化设备,BK1410,5636.31,-315.11,-5.29,239626323000,2.6,3,27,北自科技,1.3
478,通信设备,BK0448,19042.99,-1070.36,-5.32,3502574368000,4.98,8,81,永鼎股份,7.33
479,钨,BK1625,6939.42,-393.69,-5.37,216828147000,3.94,0,4,章源钨业,-3.61
480,磨具磨料,BK1397,7239.66,-431.91,-5.63,108425951000,5.76,1,12,鲁信创投,2.98
481,电子,BK1201,10880.07,-684.26,-5.92,21366456832000,4.58,32,482,德明利,10.0
482,激光设备,BK1409,14407.24,-911.08,-5.95,257828518000,5.52,2,9,光韵达,4.62
483,跨境电商,BK1547,2315.34,-148.8,-6.04,49221727000,6.92,1,7,焦点科技,2.09
484,模拟芯片设计,BK1330,5368.71,-374.5,-6.52,505451792000,3.11,0,35,上海贝岭,-0.4
485,元件,BK0459,43779.02,-3159.74,-6.73,2510343488000,6.79,3,63,东晶电子,6.35
486,集成电路制造,BK1329,3329.41,-241.31,-6.76,1914857680000,3.57,1,7,芯联集成-U,0.26
487,光学元件,BK1334,12620.19,-954.58,-7.03,298697584000,4.63,1,25,森霸传感,0.8
488,电子化学品Ⅲ,BK1332,2689.0,-204.06,-7.05,610353248000,7.18,1,36,国瓷材料,3.65
489,电子化学品Ⅱ,BK1039,2689.0,-204.06,-7.05,610353248000,7.18,1,36,国瓷材料,3.65
490,半导体,BK1036,2314.91,-178.63,-7.16,13503705344000,5.88,7,175,德明利,10.0
491,通信网络设备及器件,BK1591,11166.2,-871.91,-7.24,2522174976000,4.27,0,37,海能达,-0.25
492,集成电路封测,BK1328,7073.58,-580.36,-7.58,365700800000,9.33,1,12,华岭股份,4.21
493,印制电路板,BK1340,8755.31,-737.81,-7.77,2031396992000,5.95,1,46,依顿电子,0.77
494,分立器件,BK1327,12654.23,-1147.17,-8.31,466473248000,4.56,0,18,台基股份,-3.62
495,半导体设备,BK1326,42693.27,-4236.19,-9.03,1969556512000,4.31,0,24,华海清科,-0.16
496,半导体材料,BK1325,10613.27,-1059.46,-9.08,894729248000,6.48,0,31,新恒汇,-4.65
