排名,板块名称,板块代码,最新价,涨跌额,涨跌幅,总市值,换手率,上涨家数,下跌家数,领涨股票,领涨股票-涨跌幅
1,氨纶,BK1412,2798.46,168.62,6.41,55183488000,2.21,1,0,华峰化学,6.41
2,燃料电池,BK1305,300.16,17.89,6.34,4923691000,3.82,1,0,亿华通-U,6.34
3,生猪养殖,BK1512,3890.28,172.6,4.64,441201552000,2.84,12,0,巨星农牧,9.99
4,动力煤,BK1493,2256.06,84.25,3.88,1858676336000,1.32,17,0,昊华能源,10.0
5,煤炭开采,BK1250,1741.67,59.25,3.52,2057944496000,1.36,27,0,昊华能源,10.0
6,炼油化工,BK1569,3372.79,111.9,3.43,2695088016000,0.33,8,2,东方盛虹,10.04
7,养殖业,BK1259,3666.03,114.06,3.21,516494208000,2.92,21,2,巨星农牧,9.99
8,钴,BK1620,1223.97,37.5,3.16,32884608000,4.67,2,0,寒锐钴业,4.37
9,煤炭,BK0437,12496.54,373.38,3.08,2107814288000,1.36,33,1,昊华能源,10.0
10,焦煤,BK1494,1114.23,31.55,2.91,199268162000,1.5,10,0,兰花科创,5.05
11,肉鸡养殖,BK1511,3156.66,80.79,2.63,67066679000,4.63,8,0,益生股份,4.3
12,农业综合Ⅲ,BK1506,2141.59,54.02,2.59,9833303000,1.54,3,0,大禹节水,3.54
13,农业综合Ⅱ,BK1257,2141.59,54.02,2.59,9833303000,1.54,3,0,大禹节水,3.54
14,农商行Ⅲ,BK1612,439.22,10.81,2.52,246980435000,0.91,10,0,沪农商行,3.71
15,城商行Ⅲ,BK1609,1513.37,37.1,2.51,1228204304000,0.72,17,0,青岛银行,5.31
16,医疗研发外包,BK1600,7318.6,175.75,2.46,767814896000,6.08,21,8,诚达药业,12.83
17,原材料供应链服务,BK1490,2745.62,65.9,2.46,106855877000,1.42,8,2,厦门象屿,5.31
18,快递,BK1489,5513.92,124.86,2.32,279246544000,1.19,4,0,申通快递,4.72
19,银行,BK1283,3970.72,89.78,2.31,14358853632000,0.3,42,0,青岛银行,5.31
20,银行Ⅱ,BK0475,3970.72,89.78,2.31,14358853632000,0.3,42,0,青岛银行,5.31
21,股份制银行Ⅲ,BK1610,2235.46,50.36,2.3,2724894976000,0.5,9,0,浙商银行,4.41
22,肉制品,BK1580,2372.92,52.51,2.26,110397494000,1.85,6,1,华统股份,4.04
23,集成电路制造,BK1329,4800.61,99.2,2.11,2475997664000,4.68,5,3,盛合晶微,8.79
24,卫浴电器,BK1452,1309.0,26.77,2.09,14517114000,2.04,3,0,万和电气,2.94
25,钛白粉,BK1421,1858.69,36.62,2.01,70013017000,2.82,4,2,金浦钛业,10.16
26,血液制品,BK1597,4103.69,76.08,1.89,80684014000,1.21,5,0,派林生物,4.41
27,教育出版,BK1290,1974.82,36.57,1.89,116363569000,0.73,9,1,南方传媒,5.48
28,零食,BK1583,1836.09,33.65,1.87,98642611000,1.94,10,0,万辰集团,6.15
29,摩托车,BK1521,3294.97,59.83,1.85,154836428000,1.22,6,3,涛涛车业,11.69
30,集成电路封测,BK1328,10915.86,197.73,1.84,535208240000,9.75,9,4,伟测科技,11.45
31,畜禽饲料,BK1508,1770.03,31.91,1.84,41202664000,3.03,7,1,唐人神,4.27
32,有机硅,BK1431,3899.82,67.22,1.75,129965775000,6.1,6,4,新亚强,10.01
33,高速公路,BK1483,2614.73,44.99,1.75,366394576000,0.51,18,3,四川成渝,6.14
34,油气开采Ⅲ,BK1574,3145.7,52.54,1.7,1404866864000,2.75,3,2,中国海油,2.09
35,油气开采Ⅱ,BK1276,3145.7,52.54,1.7,1404866864000,2.75,3,2,中国海油,2.09
36,个护小家电,BK1458,761.54,12.68,1.69,18790571000,1.47,3,1,倍益康,7.68
37,其他生物制品,BK1596,7896.52,124.68,1.6,657937712000,3.58,30,7,三元基因,13.46
38,纺织鞋类制造,BK1347,375.38,5.77,1.56,37238970000,0.22,1,0,华利集团,1.56
39,乳品,BK1585,1972.26,29.4,1.51,235174141000,1.66,13,4,皇氏集团,10.1
40,空调,BK1450,14403.03,213.63,1.51,864048720000,0.92,3,0,美的集团,2.62
41,航海装备Ⅲ,BK1383,5081.78,73.31,1.46,539590608000,2.81,5,5,松发股份,10.0
42,航海装备Ⅱ,BK1230,5081.78,73.31,1.46,539590608000,2.81,5,5,松发股份,10.0
43,复合肥,BK1433,3033.46,43.56,1.46,73905759000,2.41,8,2,ST司特,5.88
44,国有大型银行Ⅲ,BK1611,2920.02,40.62,1.41,10158773760000,0.16,6,0,交通银行,2.0
45,电信运营商,BK1587,930.61,12.71,1.38,2546356832000,0.25,3,0,中国电信,2.58
46,焦炭Ⅲ,BK1492,702.18,9.53,1.38,49869786000,1.34,6,1,山西焦化,3.01
47,焦炭Ⅱ,BK1249,702.18,9.53,1.38,49869786000,1.34,6,1,山西焦化,3.01
48,生物制品,BK1044,986.1,13.18,1.35,943708832000,2.45,46,10,三元基因,13.46
49,磷肥及磷化工,BK1435,3335.19,44.33,1.35,209019829000,2.56,4,4,六国化工,10.03
50,钾肥,BK1434,2335.6,30.28,1.31,335942384000,1.95,2,2,东方铁塔,4.42
51,煤化工,BK1419,1647.67,20.71,1.27,228928018000,1.75,8,1,华谊集团,4.58
52,医疗服务,BK0727,1264.99,15.22,1.22,1018710720000,3.25,31,23,诚达药业,12.83
53,保险Ⅲ,BK1358,1309.22,15.67,1.21,2816815120000,0.45,5,0,中国平安,2.06
54,保险Ⅱ,BK0474,1309.22,15.67,1.21,2816815120000,0.45,5,0,中国平安,2.06
55,航运,BK1482,1494.81,17.76,1.2,649737248000,1.6,14,5,海科B,6.0
56,动物保健Ⅲ,BK1501,4410.53,52.13,1.2,58078599000,2.32,9,2,大禹生物,5.28
57,动物保健Ⅱ,BK1254,4410.53,52.13,1.2,58078599000,2.32,9,2,大禹生物,5.28
58,棉纺,BK1349,2463.31,29.01,1.19,44634361000,2.08,6,3,华孚时尚,9.97
59,综合电力设备商,BK1323,1286.77,14.81,1.16,210337627000,1.08,1,1,东方电气,3.05
60,航运港口,BK0450,11307.69,129.66,1.16,1132611600000,0.86,29,7,海科B,6.0
61,管材,BK1466,1889.87,21.57,1.15,34787269000,2.14,4,3,青龙管业,10.01
62,化学制剂,BK1594,3878.97,43.25,1.13,2138831744000,4.14,80,33,罗欣药业,9.98
63,港口,BK1481,1499.2,16.46,1.11,482874352000,0.44,15,2,上港集团,2.67
64,航空运输,BK1479,1391.42,15.23,1.11,456645584000,0.75,8,1,吉祥航空,2.59
65,饮料乳品,BK1282,2045.0,22.26,1.1,417541792000,1.49,18,7,皇氏集团,10.1
66,医药流通,BK1607,1916.21,20.65,1.09,219879517000,1.83,17,7,国药一致,3.78
67,炼化及贸易,BK1274,3324.68,35.58,1.08,2842817680000,0.44,16,13,东方盛虹,10.04
68,租赁,BK1365,2821.26,29.74,1.07,73306895000,1.54,2,1,渤海租赁,4.54
69,医药商业,BK1042,1032.7,10.7,1.05,295120368000,1.77,24,8,国药一致,3.78
70,航空机场,BK0420,4192.74,43.21,1.04,585543984000,0.74,12,2,吉祥航空,2.59
71,饲料,BK1258,3200.0,31.56,1.0,162142999000,2.76,11,5,唐人神,4.27
72,化学制药,BK0465,36056.08,344.28,0.96,2480908192000,4.04,108,50,罗欣药业,9.98
73,氮肥,BK1432,1688.32,16.03,0.96,88280301000,2.04,4,2,华鲁恒升,4.5
74,机场,BK1480,1742.72,15.94,0.92,128898395000,0.68,4,1,深圳机场,1.89
75,线下药店,BK1606,3310.41,30.11,0.92,75240856000,1.45,7,1,漱玉平民,2.4
76,人力资源服务,BK1568,1743.44,15.09,0.87,20342766000,0.65,2,1,北京人力,2.3
77,其他酒类,BK1578,1446.46,12.28,0.86,56443126000,1.42,7,3,*ST尼雅,8.02
78,交通运输,BK1210,2343.71,19.41,0.84,3121455136000,0.79,90,39,四川成渝,6.14
79,休闲食品,BK1281,2046.44,16.78,0.83,159122809000,1.5,14,7,万辰集团,6.15
80,粮食种植,BK1515,843.92,6.83,0.82,31197922000,1.12,1,1,北大荒,1.76
81,食品加工,BK1280,4053.16,32.26,0.8,224588468000,2.12,18,9,三全食品,4.35
82,预加工食品,BK1581,5972.26,46.24,0.78,62555799000,1.67,7,4,三全食品,4.35
83,厨房小家电,BK1457,2125.48,16.2,0.77,75529681000,0.83,5,5,爱仕达,9.99
84,食品饮料,BK0438,24802.42,184.11,0.75,3641954096000,1.51,82,41,皇氏集团,10.1
85,农化制品,BK0731,1598.49,11.42,0.72,919744304000,2.25,36,22,六国化工,10.03
86,铁路公路,BK0421,8058.05,57.25,0.72,767390736000,0.5,25,11,四川成渝,6.14
87,人工景区,BK1562,2581.45,18.11,0.71,31665229000,1.21,3,2,大连圣亚,3.32
88,商用载货车,BK1530,1889.0,13.11,0.7,184305964000,1.62,6,2,一汽解放,2.58
89,商业地产,BK1345,1164.72,7.87,0.68,177811045000,0.82,7,4,中国国贸,3.99
90,食品及饲料添加剂,BK1429,2049.12,13.67,0.67,244722419000,1.3,14,10,爱普股份,10.04
91,视频媒体,BK1296,718.64,4.75,0.67,28304005000,1.6,1,0,芒果超媒,0.67
92,酒店,BK1560,2113.61,13.9,0.66,42366962000,1.33,5,1,首旅酒店,2.78
93,医药生物,BK1216,4482.06,28.45,0.64,6715259392000,2.84,316,185,罗欣药业,9.98
94,培训教育,BK1557,4267.31,26.48,0.62,49343619000,2.55,6,5,中公教育,10.0
95,农林牧渔,BK0433,13196.43,81.07,0.62,1171530944000,2.57,70,39,巨星农牧,9.99
96,石油石化,BK0464,6129.24,37.57,0.62,4456969472000,0.59,24,24,贝肯能源,9.98
97,模拟芯片设计,BK1330,7991.05,48.76,0.61,737462256000,4.33,16,19,盛景微,10.0
98,物流,BK0422,6863.5,41.53,0.61,635908816000,1.35,24,19,厦门象屿,5.31
99,粮油加工,BK1504,1280.03,7.73,0.61,156401723000,1.29,7,1,金龙鱼,1.85
100,彩电,BK1453,4562.37,27.44,0.61,117503354000,2.69,2,2,兆驰股份,5.72
101,自然景区,BK1563,2864.95,17.17,0.6,58503791000,1.97,8,4,西藏旅游,6.25
102,能源金属,BK1015,1011.9,5.92,0.59,518424768000,5.47,6,5,寒锐钴业,4.37
103,原料药,BK1595,3736.23,20.77,0.56,342076448000,3.67,28,17,欧康医药,12.72
104,白酒Ⅲ,BK1575,4007.15,22.17,0.56,2295932112000,1.1,13,6,迎驾贡酒,3.55
105,白酒Ⅱ,BK1277,4007.15,22.17,0.56,2295932112000,1.1,13,6,迎驾贡酒,3.55
106,水泥制品,BK1463,2014.16,10.88,0.54,29299772000,2.31,4,5,三和管桩,7.33
107,酒店餐饮,BK1271,2023.95,10.29,0.51,53244226000,1.26,7,3,首旅酒店,2.78
108,白银,BK1616,4341.68,21.91,0.51,104161486000,8.91,2,1,湖南白银,2.01
109,出版,BK1218,1738.42,8.38,0.48,229589438000,0.93,16,11,南方传媒,5.48
110,水产养殖,BK1514,562.46,2.65,0.47,10381044000,1.72,2,1,獐子岛,1.62
111,调味发酵品Ⅲ,BK1576,4610.39,21.54,0.47,339018336000,1.65,9,5,安琪酵母,3.45
112,调味发酵品Ⅱ,BK1278,4610.39,21.54,0.47,339018336000,1.65,9,5,安琪酵母,3.45
113,非白酒,BK1279,1904.56,8.84,0.47,205750585000,1.15,10,7,*ST尼雅,8.02
114,商用车,BK1264,2503.83,11.44,0.46,268826048000,1.63,7,5,一汽解放,2.58
115,特种纸,BK1545,2525.3,11.51,0.46,73112296000,3.03,5,8,宜宾纸业,9.99
116,疫苗,BK1598,3884.38,17.32,0.45,205087113000,2.09,11,3,华兰生物,1.71
117,水力发电,BK1380,3770.2,16.78,0.45,1122731840000,0.61,5,5,韶能股份,8.94
118,中药Ⅲ,BK1608,1277.49,5.56,0.44,749828752000,1.76,45,20,众生药业,5.65
119,中药Ⅱ,BK1040,1277.49,5.56,0.44,749828752000,1.76,45,20,众生药业,5.65
120,水务及水治理,BK1390,1984.73,8.44,0.43,282405376000,1.55,28,20,中持股份,10.04
121,房地产开发,BK0451,13099.37,52.2,0.4,852191504000,1.82,43,35,金科股份,10.0
122,住宅开发,BK1346,1791.86,6.71,0.38,545348336000,2.16,29,27,金科股份,10.0
123,游戏Ⅲ,BK1301,1290.31,4.82,0.37,421232864000,2.73,11,12,名臣健康,10.02
124,游戏Ⅱ,BK1046,1290.31,4.82,0.37,421232864000,2.73,11,12,名臣健康,10.02
125,教育,BK0740,520.62,1.8,0.35,66868661000,2.48,7,8,中公教育,10.0
126,房屋建设Ⅲ,BK1470,1723.94,5.79,0.34,256613517000,0.63,5,2,陕建股份,1.81
127,房屋建设Ⅱ,BK1246,1723.94,5.79,0.34,256613517000,0.63,5,2,陕建股份,1.81
128,镍,BK1622,5607.23,17.93,0.32,88825375000,3.36,1,0,华友钴业,0.32
129,端到端供应链服务,BK1491,1635.43,5.2,0.32,26698769000,4.08,3,3,东方嘉盛,3.99
130,信托,BK1363,1850.88,5.45,0.3,66518317000,0.71,2,1,陕国投Ａ,1.05
131,纯碱,BK1417,942.54,2.76,0.29,46260961000,2.36,3,1,江盐集团,1.14
132,跨境物流,BK1488,1536.38,4.43,0.29,163457975000,0.91,7,6,嘉友国际,4.14
133,医院,BK1601,5963.47,16.96,0.29,186432339000,1.99,7,8,三博脑科,5.98
134,餐饮,BK1559,1322.65,3.75,0.28,10877263000,1.12,2,2,全 聚 德,1.49
135,产业地产,BK1344,2236.52,6.09,0.27,129032113000,0.9,7,4,临港B股,3.05
136,洗护用品,BK1496,524.11,1.41,0.27,17703548000,1.13,3,1,两面针,1.28
137,房地产综合服务,BK1342,1153.55,3.09,0.27,6429450000,2.07,1,1,中交发展,4.04
138,房地产,BK1202,1860.22,4.87,0.26,906360704000,1.83,46,45,金科股份,10.0
139,分立器件,BK1327,20155.8,46.6,0.23,762606048000,5.98,5,13,银河微电,18.7
140,农药,BK1436,2746.56,6.18,0.23,212596033000,2.13,18,12,利民股份,3.46
141,摩托车及其他,BK1263,3393.1,6.83,0.2,219876379000,1.32,8,10,涛涛车业,11.69
142,宠物食品,BK1507,1471.32,2.92,0.2,29851534000,1.98,2,2,佩蒂股份,2.32
143,文化用品,BK1542,2652.88,5.2,0.2,37635603000,1.91,2,3,齐心集团,3.34
144,白色家电,BK1239,3286.91,6.18,0.19,1094551696000,1.23,6,5,长虹美菱,4.42
145,磨具磨料,BK1397,10569.64,18.81,0.18,181942674000,10.21,6,8,黄河旋风,10.02
146,旅游及景区,BK1272,2806.62,4.35,0.16,124035890000,1.57,11,12,西藏旅游,6.25
147,水泥,BK0424,25473.72,39.01,0.15,269829392000,1.01,10,10,三和管桩,7.33
148,广告媒体,BK1292,2076.96,3.02,0.15,79937442000,1.66,1,2,分众传媒,3.27
149,板材,BK1367,779.63,1.06,0.14,451405184000,0.82,9,5,南钢股份,2.98
150,种子,BK1518,3342.44,4.11,0.12,46734353000,1.89,5,5,康农种业,1.9
151,软饮料,BK1586,1777.81,2.11,0.12,182367645000,1.1,5,3,维维股份,1.71
152,水产饲料,BK1509,5955.7,6.7,0.11,91088800000,2.17,2,2,海大集团,3.9
153,证券Ⅲ,BK1366,143882.34,161.73,0.11,3790608272000,1.42,30,16,光大证券,3.21
154,证券Ⅱ,BK0473,143882.34,161.73,0.11,3790608272000,1.42,30,16,光大证券,3.21
155,造纸,BK1267,2489.67,2.75,0.11,160163321000,2.33,9,16,宜宾纸业,9.99
156,普钢,BK1226,717.12,0.44,0.06,494050672000,0.83,11,8,南钢股份,2.98
157,制冷空调设备,BK1400,4620.69,2.54,0.06,215515750000,3.75,10,10,申菱环境,6.13
158,非银金融,BK1203,2440.28,1.2,0.05,7112040704000,1.16,48,29,渤海租赁,4.54
159,钢铁管材,BK1368,586.77,0.16,0.03,25576027000,1.46,1,1,新兴铸管,2.94
160,商用载客车,BK1531,3179.33,0.85,0.03,84520084000,1.69,1,3,宇通客车,1.52
161,其他石化,BK1570,2766.55,0.2,0.01,116755838000,2.42,6,8,桐昆股份,3.72
162,锂,BK1621,18993.68,-4.14,-0.02,396714784000,6.2,3,5,永杉锂业,4.25
163,渔业,BK1260,866.1,-0.25,-0.03,15524671000,1.64,3,3,獐子岛,1.62
164,个护用品,BK1251,591.42,-0.2,-0.03,69577495000,1.34,6,7,洁雅股份,10.85
165,品牌化妆品,BK1498,1440.46,-0.55,-0.04,92225846000,2.27,3,5,丸美生物,6.72
166,氯碱,BK1418,2132.64,-1.21,-0.06,151280288000,2.33,10,5,航锦科技,5.69
167,金融控股,BK1359,1935.69,-1.18,-0.06,239834343000,0.67,5,4,国投资本,1.37
168,熟食,BK1584,2082.18,-1.46,-0.07,22110379000,1.03,1,2,煌上煌,1.99
169,啤酒,BK1577,2249.72,-2.04,-0.09,149307458000,0.91,3,4,青岛啤酒,1.99
170,轮胎轮毂,BK1527,2809.84,-2.67,-0.09,241189417000,2.0,10,11,赛轮轮胎,5.46
171,水泥制造,BK1464,2017.02,-1.95,-0.1,240529611000,0.78,6,5,宁夏建材,6.06
172,涂料,BK1469,935.93,-1.18,-0.13,24197035000,1.53,1,1,三棵树,0.49
173,影视动漫制作,BK1299,3213.7,-4.33,-0.13,127510152000,2.9,5,8,欢瑞世纪,9.94
174,烘焙食品,BK1582,693.13,-1.02,-0.15,38369818000,1.25,3,5,西麦食品,3.57
175,基建市政工程,BK1472,1967.79,-2.91,-0.15,718050544000,0.7,12,15,交建股份,10.09
176,生活用纸,BK1495,1120.71,-1.92,-0.17,51873946000,1.4,3,6,洁雅股份,10.85
177,瓷砖地板,BK1538,1462.88,-2.57,-0.18,76526018000,2.77,6,6,爱丽家居,9.99
178,核力发电,BK1376,600.23,-1.07,-0.18,481428560000,0.32,0,1,中国广核,0.0
179,教育运营及其他,BK1556,734.13,-1.47,-0.2,8709742000,2.8,1,1,ST豆神,0.91
180,体外诊断,BK1603,3238.85,-7.37,-0.23,236938091000,1.79,18,22,博拓生物,12.51
181,风力发电,BK1374,1974.04,-4.56,-0.23,842812560000,1.54,4,10,宝塔实业,2.88
182,化妆品,BK1252,2010.26,-4.66,-0.23,118762855000,1.96,4,11,丸美生物,6.72
183,美容护理,BK1035,880.1,-2.05,-0.23,254201979000,1.58,11,21,洁雅股份,10.85
184,其他种植业,BK1516,792.62,-1.85,-0.23,36179811000,2.23,3,2,海南橡胶,1.63
185,综合乘用车,BK1520,2426.94,-5.86,-0.24,384383184000,0.93,3,3,长城汽车,2.6
186,医疗耗材,BK1604,4286.94,-10.71,-0.25,426083840000,2.33,26,28,英科医疗,9.42
187,汽车经销商,BK1523,1292.12,-3.24,-0.25,17983014000,0.75,1,4,国机汽车,2.61
188,冰洗,BK1449,1949.28,-4.9,-0.25,230502962000,1.56,3,5,长虹美菱,4.42
189,多业态零售,BK1553,1384.97,-3.54,-0.25,65499954000,1.78,8,8,百联股份,2.63
190,医疗器械,BK1041,905.59,-2.39,-0.26,1226982576000,2.19,62,74,博拓生物,12.51
191,大宗用纸,BK1544,1899.88,-5.05,-0.27,87051024000,2.02,4,8,太阳纸业,3.8
192,其他电源设备Ⅲ,BK1322,9771.14,-26.52,-0.27,516968928000,3.18,7,18,中远通,7.96
193,多元金融,BK0738,562.65,-1.66,-0.29,504617408000,0.93,13,13,渤海租赁,4.54
194,大众出版,BK1289,1525.58,-4.51,-0.29,113225868000,1.11,7,10,中原传媒,5.02
195,其他电源设备Ⅱ,BK1034,3246.52,-9.66,-0.3,755561600000,2.13,10,21,中远通,7.96
196,保健品,BK1579,3494.78,-10.75,-0.31,51635174000,2.91,5,4,ST西王,3.13
197,涤纶,BK1413,1597.1,-4.97,-0.31,76998161000,1.98,3,6,*ST三房,4.85
198,超市,BK1552,1556.54,-4.88,-0.31,64579104000,2.25,4,3,家家悦,2.01
199,医疗设备,BK1605,5782.08,-18.42,-0.32,563960640000,2.5,18,24,瑞迈特,6.32
200,油品石化贸易,BK1571,3183.99,-10.48,-0.33,30973821000,3.06,2,3,恒通股份,1.77
201,环境治理,BK1235,2369.47,-7.94,-0.33,751452768000,2.15,53,52,中持股份,10.04
202,化学原料,BK1019,1030.55,-3.63,-0.35,836923296000,2.21,34,29,振华股份,10.0
203,长材,BK1369,498.95,-1.8,-0.36,17069455000,0.61,1,2,三钢闽光,1.36
204,其他电子Ⅲ,BK1336,17381.24,-65.71,-0.38,550585536000,5.98,14,19,中电港,10.0
205,其他电子Ⅱ,BK1223,17381.24,-65.71,-0.38,550585536000,5.98,14,19,中电港,10.0
206,工程机械整机,BK1393,4315.2,-16.34,-0.38,555295920000,1.48,10,11,山推股份,6.01
207,种植业,BK1261,2168.93,-8.56,-0.39,127486081000,2.11,10,11,康农种业,1.9
208,其他通用设备,BK1398,6206.82,-24.63,-0.4,477453296000,5.74,15,41,宏盛股份,10.0
209,金融信息服务,BK1360,4598.09,-18.31,-0.4,35653901000,2.48,1,2,仁东控股,1.74
210,电能综合服务,BK1373,3120.63,-12.89,-0.41,213182852000,1.21,4,12,三峡水利,5.24
211,小家电,BK1244,2135.58,-8.87,-0.41,191666625000,1.03,9,13,爱仕达,9.99
212,钢铁,BK0479,7708.4,-33.96,-0.44,829368832000,0.96,20,21,南钢股份,2.98
213,房产租赁经纪,BK1341,1249.66,-5.51,-0.44,17015183000,1.69,0,3,宁波富达,-0.36
214,综合Ⅲ,BK1627,11340.71,-50.5,-0.44,205813663000,1.79,5,12,南京新百,3.89
215,综合,BK1217,11340.71,-50.5,-0.44,205813663000,1.79,5,12,南京新百,3.89
216,综合Ⅱ,BK0539,11340.71,-50.5,-0.44,205813663000,1.79,5,12,南京新百,3.89
217,化妆品制造及其他,BK1497,2330.07,-10.58,-0.45,26537009000,1.51,1,6,锦盛新材,3.06
218,铝,BK1613,2621.69,-12.39,-0.47,799938048000,2.57,14,16,华峰铝业,4.5
219,社会服务,BK1214,3956.23,-19.12,-0.48,484257440000,1.98,31,52,中公教育,10.0
220,基础建设,BK1247,2088.1,-10.17,-0.48,771937408000,1.04,17,27,交建股份,10.09
221,固废治理,BK1389,2941.07,-14.45,-0.49,327018336000,2.58,19,15,大地海洋,6.9
222,其他家电Ⅲ,BK1456,1104.12,-5.57,-0.5,9719452000,1.47,2,1,荣泰健康,0.64
223,其他家电Ⅱ,BK1243,1104.12,-5.57,-0.5,9719452000,1.47,2,1,荣泰健康,0.64
224,燃气Ⅲ,BK1381,1803.88,-9.49,-0.52,270421008000,1.32,12,19,德龙汇能,9.99
225,燃气Ⅱ,BK1028,1803.88,-9.49,-0.52,270421008000,1.32,12,19,德龙汇能,9.99
226,半导体设备,BK1326,62554.14,-332.28,-0.53,2481035040000,4.69,11,10,京仪装备,4.81
227,半导体,BK1036,3471.73,-18.79,-0.54,13824687616000,6.01,68,109,盛景微,10.0
228,一般零售,BK0482,15478.76,-85.66,-0.55,413797472000,1.38,25,31,全新好,6.45
229,金属包装,BK1532,2959.71,-16.71,-0.56,55495215000,2.31,4,3,昇兴股份,3.74
230,硅料硅片,BK1319,2109.25,-11.97,-0.56,97472398000,4.73,2,3,双良节能,2.78
231,铁路运输,BK1485,1394.02,-7.96,-0.57,374923168000,0.45,6,1,大秦铁路,1.92
232,纺织制造,BK1224,2548.77,-15.26,-0.6,186997794000,2.26,12,21,华孚时尚,9.97
233,商业物业经营,BK1554,1629.5,-9.79,-0.6,168952271000,0.89,6,8,全新好,6.45
234,其他农产品加工,BK1505,2225.86,-13.67,-0.61,65883307000,1.46,5,6,中粮糖业,2.71
235,影视院线,BK1222,3163.41,-19.65,-0.62,164608014000,3.16,6,11,欢瑞世纪,9.94
236,油田服务,BK1573,1480.5,-9.33,-0.63,146732697000,0.74,3,5,贝肯能源,9.98
237,数字芯片设计,BK1331,32035.02,-202.01,-0.63,5447608832000,4.83,17,34,江波龙,10.32
238,旅游零售Ⅲ,BK1549,5881.09,-37.32,-0.63,118703854000,1.26,0,2,中国中免,-0.17
239,旅游零售Ⅱ,BK1269,5881.09,-37.32,-0.63,118703854000,1.26,0,2,中国中免,-0.17
240,房地产服务,BK1045,1019.88,-6.52,-0.64,54169208000,1.96,3,10,中交发展,4.04
241,学历教育,BK1558,1710.02,-11.01,-0.64,8815299000,1.52,0,2,凯文教育,-0.51
242,会展服务,BK1565,1064.94,-7.32,-0.68,14585993000,1.58,0,3,兰生股份,-0.11
243,冶钢辅料,BK1372,6098.44,-42.0,-0.68,86627776000,2.1,2,2,鄂尔多斯,1.46
244,非运动服装,BK1352,2066.04,-14.23,-0.68,224630719000,1.8,14,23,ST际华,7.78
245,农产品加工,BK1256,2071.22,-14.35,-0.69,262816429000,1.54,13,12,中粮糖业,2.71
246,海洋捕捞,BK1513,984.54,-6.89,-0.69,5143627000,1.25,1,2,开创国际,0.49
247,汽车服务,BK1016,879.0,-6.16,-0.7,40267661000,1.23,2,7,国机汽车,2.61
248,粘胶,BK1416,1398.21,-9.89,-0.7,21575775000,4.23,1,2,ST海龙,3.7
249,辅料,BK1348,2741.1,-19.58,-0.71,22278262000,2.59,1,3,伟星股份,1.59
250,其他医疗服务,BK1599,3987.62,-28.53,-0.71,19801620000,2.1,2,3,南华生物,2.63
251,油服工程,BK1275,1673.17,-12.91,-0.77,209284795000,0.87,5,9,贝肯能源,9.98
252,跨境电商,BK1547,2529.93,-19.89,-0.78,48025546000,3.45,2,5,赛维时代,4.32
253,百货,BK1551,1765.41,-14.58,-0.82,114766134000,1.29,7,12,王府井,1.69
254,成品家居,BK1537,2415.95,-20.51,-0.84,102867099000,1.76,7,10,梦百合,2.05
255,厨卫电器,BK1240,5412.78,-46.1,-0.84,47648100000,2.09,6,3,万和电气,2.94
256,商贸零售,BK1213,2074.95,-17.85,-0.85,831853600000,1.42,35,61,全新好,6.45
257,家居用品,BK0440,46628.49,-406.99,-0.87,462936784000,1.9,33,43,爱丽家居,9.99
258,特钢Ⅲ,BK1370,2016.57,-17.67,-0.87,179386763000,0.86,4,9,中信特钢,2.9
259,特钢Ⅱ,BK1227,2016.57,-17.67,-0.87,179386763000,0.86,4,9,中信特钢,2.9
260,医美耗材,BK1500,1366.61,-12.01,-0.87,59909277000,1.15,1,2,锦波生物,0.23
261,医疗美容,BK1253,1034.76,-9.15,-0.88,65861628000,0.83,1,3,锦波生物,0.23
262,钢结构,BK1474,2591.73,-22.99,-0.88,57505303000,1.48,3,7,鸿路钢构,2.24
263,公交,BK1484,1379.54,-12.24,-0.88,26072989000,1.14,1,7,申通地铁,1.74
264,其他家居用品,BK1540,6311.57,-56.5,-0.89,174150144000,1.85,12,12,太力科技,8.37
265,环保,BK0728,548.24,-4.92,-0.89,919384512000,2.26,54,77,中持股份,10.04
266,医美服务,BK1499,627.34,-5.65,-0.89,5952350000,0.58,0,1,*ST美谷,-0.89
267,物业管理,BK1343,1679.87,-15.29,-0.9,30724574000,2.18,2,6,*ST皇庭,4.02
268,乘用车,BK1262,3512.3,-32.19,-0.91,1317167232000,1.04,3,6,长城汽车,2.6
269,公用事业,BK0427,9147.37,-85.28,-0.92,4263716976000,1.36,38,97,德龙汇能,9.99
270,纺织服饰,BK0436,13470.92,-126.89,-0.93,621542128000,2.06,37,72,华孚时尚,9.97
271,农用机械,BK1404,1600.76,-15.1,-0.93,45433893000,2.27,2,8,一拖股份,1.59
272,轻工制造,BK1212,3209.21,-30.36,-0.94,997387600000,2.31,61,110,宜宾纸业,9.99
273,油气及炼化工程,BK1572,1555.53,-14.93,-0.95,62552098000,1.15,2,4,海油工程,0.58
274,其他养殖,BK1510,773.92,-7.46,-0.95,8225975000,1.16,1,2,华英农业,1.11
275,期货,BK1361,495.98,-4.9,-0.98,49659538000,0.86,1,3,永安期货,0.08
276,仓储物流,BK1486,4153.38,-41.37,-0.99,35385668000,1.47,1,4,中储股份,1.61
277,园林工程,BK1473,3418.69,-34.21,-0.99,53886869000,4.15,5,12,农尚环境,7.72
278,专业连锁Ⅲ,BK1555,1232.75,-12.51,-1.0,42651665000,1.61,2,5,吉峰科技,1.95
279,专业连锁Ⅱ,BK1270,1232.75,-12.51,-1.0,42651665000,1.61,2,5,吉峰科技,1.95
280,服装家纺,BK1225,2403.43,-24.43,-1.01,327672496000,2.0,21,38,ST际华,7.78
281,家电零部件Ⅲ,BK1455,5349.13,-55.31,-1.02,418245216000,4.46,11,25,星帅尔,10.03
282,家电零部件Ⅱ,BK1242,5349.13,-55.31,-1.02,418245216000,4.46,11,25,星帅尔,10.03
283,工程咨询服务Ⅲ,BK1471,777.94,-8.13,-1.03,234521334000,4.15,16,30,深水规院,6.36
284,工程咨询服务Ⅱ,BK0726,777.94,-8.13,-1.03,234521334000,4.15,16,30,深水规院,6.36
285,电力,BK0428,18837.57,-197.11,-1.04,3993295968000,1.36,26,78,韶能股份,8.94
286,输变电设备,BK1311,4113.48,-43.9,-1.06,566030352000,2.57,7,24,长高电气,6.96
287,家用电器,BK0456,23549.88,-252.93,-1.06,2015867968000,2.29,38,68,爱仕达,9.99
288,旅游综合,BK1561,1531.93,-16.57,-1.07,33866869000,1.56,0,6,锦旅Ｂ股,0.0
289,传媒,BK0486,8980.49,-98.05,-1.08,1386348272000,2.8,42,82,欢瑞世纪,9.94
290,钟表珠宝,BK1357,1913.8,-20.95,-1.08,101675534000,1.95,4,11,老凤祥,1.85
291,通信终端及配件,BK1593,3947.06,-43.45,-1.09,419881040000,3.8,7,20,菲菱科思,20.0
292,涂料油墨,BK1430,3971.57,-44.73,-1.11,93785343000,4.39,4,13,百合花,9.99
293,冶钢原料,BK1228,3565.46,-41.39,-1.15,155931404000,2.05,5,4,鄂尔多斯,1.46
294,化学制品,BK0538,33357.01,-393.61,-1.17,1895117232000,3.6,60,120,阿科力,10.0
295,基础化工,BK1206,3758.33,-44.35,-1.17,5026407168000,3.03,159,282,阿科力,10.0
296,火力发电,BK1377,2414.83,-28.68,-1.17,1062643472000,1.73,8,22,豫能控股,4.69
297,定制家居,BK1539,6884.4,-82.06,-1.18,74783082000,1.85,6,10,顶固集创,1.67
298,火电设备,BK1321,1515.58,-18.35,-1.2,28255031000,2.89,2,2,龙源技术,2.18
299,逆变器,BK1320,16644.6,-201.78,-1.2,492578048000,2.51,2,7,阳光电源,1.6
300,印染,BK1351,1547.46,-19.02,-1.21,16790696000,3.11,2,2,迎丰股份,0.82
301,工业金属,BK1287,3238.48,-40.46,-1.23,2783060880000,3.02,19,40,华峰铝业,4.5
302,其他化学制品,BK1428,4574.65,-57.4,-1.24,530237888000,3.6,25,54,阿科力,10.0
303,诊断服务,BK1602,5095.9,-65.27,-1.26,44661869000,3.72,1,4,贝瑞基因,0.25
304,建筑装饰,BK1209,2911.4,-37.41,-1.27,1812658880000,1.33,54,104,恒尚节能,9.99
305,其他运输设备,BK1522,1749.21,-22.71,-1.28,65039951000,1.59,2,7,绿通科技,0.34
306,锦纶,BK1414,574.74,-7.47,-1.28,22724820000,1.81,1,4,恒申新材,0.13
307,装修建材,BK0476,15913.91,-208.29,-1.29,252867268000,2.49,12,26,青龙管业,10.01
308,门户网站,BK1294,2711.34,-35.65,-1.3,103630279000,4.18,2,7,*ST三六,1.25
309,其他计算机设备,BK1446,7937.57,-104.56,-1.3,1062103120000,3.19,18,46,中国长城,9.99
310,卫浴制品,BK1541,633.59,-8.45,-1.32,34610436000,1.11,2,5,建霖家居,0.88
311,饰品,BK0734,389.11,-5.23,-1.33,106871835000,1.92,4,13,老凤祥,1.85
312,其他塑料制品,BK1440,5066.41,-69.17,-1.35,127751461000,2.6,8,14,宁波色母,5.14
313,互联网电商,BK1268,2732.26,-37.37,-1.35,114525959000,1.57,4,14,赛维时代,4.32
314,纺织化学制品,BK1423,1464.34,-20.04,-1.35,94508839000,3.1,3,10,闰土股份,4.65
315,家纺,BK1353,4102.25,-56.29,-1.35,31797449000,1.6,2,5,水星家纺,2.94
316,文娱用品,BK1266,3083.11,-42.4,-1.36,107814306000,2.95,6,16,齐心集团,3.34
317,汽车综合服务,BK1524,1065.63,-14.75,-1.37,22284647000,1.93,1,3,交运股份,0.3
318,横向通用软件,BK1448,5789.64,-80.34,-1.37,496120288000,1.73,6,28,大恒科技,10.04
319,塑料包装,BK1533,4224.15,-58.84,-1.37,49667050000,2.25,4,5,新天力,4.45
320,鞋帽及其他,BK1354,716.45,-9.99,-1.38,45284584000,3.53,5,6,*ST起步,5.9
321,其他化学原料,BK1420,3145.75,-44.49,-1.39,172829649000,2.02,5,13,卫星化学,2.83
322,包装印刷,BK1265,3641.84,-51.55,-1.4,266473181000,2.51,13,35,新巨丰,11.22
323,聚氨酯,BK1426,3593.79,-51.39,-1.41,256654252000,2.81,4,5,万华化学,2.66
324,贸易Ⅲ,BK1550,9506.02,-137.43,-1.43,142174662000,1.46,4,9,云维股份,1.9
325,贸易Ⅱ,BK0484,9506.02,-137.43,-1.43,142174662000,1.46,4,9,云维股份,1.9
326,印刷,BK1534,3691.07,-53.75,-1.44,18570537000,3.43,1,4,强邦新材,1.07
327,体育Ⅲ,BK1564,817.69,-12.14,-1.46,8439825000,5.23,0,2,力盛体育,-0.72
328,体育Ⅱ,BK1273,817.69,-12.14,-1.46,8439825000,5.23,0,2,力盛体育,-0.72
329,光伏主材,BK1318,10278.05,-153.85,-1.47,145992328000,1.29,0,2,通威股份,-1.36
330,纸包装,BK1535,1897.09,-28.61,-1.49,125429891000,2.54,3,18,新巨丰,11.22
331,资产管理,BK1364,3601.21,-55.45,-1.52,39644415000,1.17,2,2,四川双马,0.95
332,铁矿石,BK1371,1614.43,-24.9,-1.52,69303628000,1.87,3,2,河钢资源,0.93
333,轨交设备Ⅲ,BK1394,1730.52,-26.75,-1.52,425279456000,1.0,6,25,康尼机电,1.85
334,轨交设备Ⅱ,BK1236,1730.52,-26.75,-1.52,425279456000,1.0,6,25,康尼机电,1.85
335,工程机械,BK0739,2253.69,-35.33,-1.54,784400768000,1.58,12,22,唯万密封,7.09
336,专业服务,BK1043,1459.93,-22.96,-1.55,231668843000,1.95,6,27,北京人力,2.3
337,电视广播Ⅲ,BK1291,1108.72,-17.47,-1.55,116297382000,1.21,2,10,华数传媒,1.54
338,电视广播Ⅱ,BK1219,1108.72,-17.47,-1.55,116297382000,1.21,2,10,华数传媒,1.54
339,民爆制品,BK1427,4134.39,-65.19,-1.55,122393720000,1.74,3,10,雅化集团,2.47
340,光伏发电,BK1375,3199.82,-51.0,-1.57,127819809000,2.52,3,10,兆新股份,1.14
341,合成树脂,BK1438,9369.42,-151.29,-1.59,198325395000,8.38,5,8,兴业股份,7.82
342,汽车,BK1211,4046.3,-66.26,-1.61,4610017024000,2.24,83,236,晋拓股份,9.99
343,其他纺织,BK1350,1989.55,-32.66,-1.62,66055504000,2.39,2,13,云中马,5.18
344,计算机设备,BK0735,1586.55,-26.51,-1.64,1566613584000,2.63,22,69,中国长城,9.99
345,其他通信设备,BK1590,5360.17,-90.33,-1.66,88012111000,2.73,3,11,朗威股份,4.47
346,电商服务,BK1546,2243.66,-38.49,-1.69,40356803000,3.05,1,7,南极电商,3.99
347,检测服务,BK1566,8272.07,-141.99,-1.69,182225835000,2.48,3,20,信测标准,2.02
348,化学纤维,BK0471,17242.14,-305.89,-1.74,288417136000,3.11,6,20,华峰化学,6.41
349,综合环境治理,BK1391,1739.36,-30.86,-1.74,69123732000,3.35,3,12,*ST启环,7.65
350,其他能源发电,BK1378,1421.06,-25.51,-1.76,10676987000,0.76,0,2,长青集团,-0.86
351,综合电商,BK1548,978.73,-17.73,-1.78,26143609000,0.49,1,2,ST通葡,1.17
352,娱乐用品,BK1543,2431.96,-44.28,-1.79,70178703000,3.36,4,13,三柏硕,2.33
353,底盘与发动机系统,BK1526,4313.13,-78.78,-1.79,1178047184000,3.5,29,82,飞龙股份,5.85
354,铜,BK1615,3592.08,-68.06,-1.86,1732722640000,2.64,3,14,紫金矿业,1.65
355,其他建材Ⅲ,BK1468,4634.05,-88.06,-1.86,116305604000,2.57,5,12,北新建材,3.04
356,大气治理,BK1388,3009.86,-57.83,-1.89,72905322000,3.2,3,5,保丽洁,4.27
357,软件开发,BK0737,1016.2,-19.53,-1.89,1548484096000,2.3,20,114,概伦电子,20.01
358,汽车零部件,BK0481,45846.3,-888.13,-1.9,2763879760000,2.89,63,208,晋拓股份,9.99
359,建筑材料,BK1208,3780.12,-74.4,-1.93,1374207776000,2.58,22,52,青龙管业,10.01
360,化学工程,BK1476,2466.88,-48.6,-1.93,71111260000,1.67,2,4,中国化学,1.59
361,炭黑,BK1442,1821.9,-35.93,-1.93,27781100000,3.81,1,5,确成股份,2.13
362,防水材料,BK1465,8006.62,-158.49,-1.94,42641654000,2.67,1,2,东方雨虹,0.24
363,计算机,BK1207,7668.37,-152.78,-1.95,4476111872000,2.73,60,300,概伦电子,20.01
364,非金属材料Ⅲ,BK1411,2270.7,-45.64,-1.97,158748493000,4.25,4,10,金戈新材,5.81
365,非金属材料Ⅱ,BK1020,2270.7,-45.64,-1.97,158748493000,4.25,4,10,金戈新材,5.81
366,品牌消费电子,BK1337,2600.09,-52.53,-1.98,268652736000,1.93,2,9,视源股份,2.14
367,电工仪器仪表,BK1308,2480.12,-50.11,-1.98,87320622000,2.04,2,12,华盛昌,5.02
368,电子化学品Ⅲ,BK1332,4337.9,-87.93,-1.99,946875488000,8.9,10,26,格林达,10.0
369,电子化学品Ⅱ,BK1039,4337.9,-87.93,-1.99,946875488000,8.9,10,26,格林达,10.0
370,贵金属,BK0732,2111.65,-42.85,-1.99,558678848000,6.0,5,8,湖南白银,2.01
371,电子,BK1201,15337.66,-318.55,-2.03,24529874176000,5.96,135,371,中电港,10.0
372,能源及重型设备,BK1403,2159.87,-44.86,-2.03,599312352000,1.72,7,53,洪田股份,10.01
373,黑色家电,BK1241,4174.44,-87.17,-2.05,161734989000,2.72,2,8,兆驰股份,5.72
374,公路货运,BK1487,4071.45,-85.19,-2.05,24263979000,1.06,1,4,传化智联,0.85
375,综合包装,BK1536,1303.79,-27.34,-2.05,17310485000,2.89,1,5,京华激光,1.43
376,车身附件及饰件,BK1525,5164.42,-108.3,-2.05,502532096000,2.07,6,35,星源卓镁,9.78
377,垂直应用软件,BK1447,7978.63,-168.42,-2.07,1052363792000,2.57,14,86,概伦电子,20.01
378,装修装饰Ⅲ,BK1478,871.42,-18.41,-2.07,108873022000,2.49,4,17,恒尚节能,9.99
379,装修装饰Ⅱ,BK0725,871.42,-18.41,-2.07,108873022000,2.49,4,17,恒尚节能,9.99
380,无机盐,BK1422,3365.64,-72.16,-2.1,167611364000,2.28,4,7,振华股份,10.0
381,其他汽车零部件,BK1528,4922.53,-105.73,-2.1,359121360000,3.07,13,43,晋拓股份,9.99
382,耐火材料,BK1467,2043.52,-45.03,-2.16,34935703000,2.93,1,8,瑞泰科技,2.23
383,锂电池,BK1303,19885.3,-439.16,-2.16,2511781104000,3.93,5,27,蔚蓝锂芯,9.98
384,其他橡胶制品,BK1441,4247.08,-94.0,-2.17,58314747000,3.44,1,14,三维股份,2.61
385,专用设备,BK0910,3492.94,-78.5,-2.2,1877117904000,2.6,33,167,快意电梯,10.01
386,IT服务Ⅲ,BK1444,7749.74,-176.58,-2.23,1361014208000,3.14,18,117,当虹科技,20.0
387,IT服务Ⅱ,BK1238,7749.74,-176.58,-2.23,1361014208000,3.14,18,117,当虹科技,20.0
388,楼宇设备,BK1402,2376.16,-54.48,-2.24,84286204000,1.99,2,13,快意电梯,10.01
389,电动乘用车,BK1519,4494.39,-103.12,-2.24,932784048000,1.41,0,3,比亚迪,-1.05
390,铅锌,BK1614,2655.57,-61.28,-2.26,250400185000,6.0,2,10,中金岭南,2.07
391,机械设备,BK1205,4956.45,-115.27,-2.27,7304180224000,3.16,124,486,先锋电子,9.98
392,其他专用设备,BK1405,5840.74,-135.98,-2.28,1006139776000,4.35,18,72,华依科技,11.27
393,专业工程,BK1248,3737.08,-87.44,-2.29,440713600000,1.72,12,28,鸿路钢构,2.24
394,通用设备,BK0545,53668.16,-1260.08,-2.29,2626783616000,5.1,56,195,先锋电子,9.98
395,院线,BK1300,576.41,-13.62,-2.31,37097861000,4.43,1,3,金逸影视,0.14
396,厨房电器,BK1451,7908.8,-187.08,-2.31,33130985000,2.13,3,3,老板电器,0.66
397,通信设备,BK0448,24294.82,-576.12,-2.32,4846544128000,4.94,17,74,星网锐捷,10.0
398,数字媒体,BK1221,5999.39,-146.07,-2.38,180967569000,5.67,4,11,风语筑,2.32
399,橡胶,BK1018,1498.55,-36.72,-2.39,143390500000,4.0,2,21,三维股份,2.61
400,电网设备,BK0457,36582.41,-904.14,-2.41,1751340832000,2.91,21,119,华通线缆,10.0
401,通信,BK1215,7808.53,-196.31,-2.45,7761150464000,1.93,25,106,星网锐捷,10.0
402,安防设备,BK1445,5212.61,-131.35,-2.46,504510464000,1.63,4,23,微创光电,7.77
403,消费电子,BK1037,2195.98,-55.73,-2.48,3755832368000,3.17,23,75,飞荣达,6.5
404,食用菌,BK1517,1388.06,-35.43,-2.49,13373992000,5.01,1,3,雪榕生物,0.89
405,热力服务,BK1379,3022.91,-77.52,-2.5,131999888000,3.03,2,16,富春环保,0.68
406,运动服装,BK1355,3134.54,-81.32,-2.53,25959746000,3.47,0,4,三夫户外,-0.91
407,消费电子零部件及组装,BK1338,14468.73,-376.76,-2.54,3487179632000,3.24,21,66,飞荣达,6.5
408,电力设备,BK1200,6431.24,-169.91,-2.57,8528077312000,3.09,60,341,华通线缆,10.0
409,纺织服装设备,BK1401,3814.32,-101.74,-2.6,88596437000,3.62,4,9,宏华数科,2.46
410,配电设备,BK1310,3506.89,-93.65,-2.6,216011228000,2.79,3,24,白云电器,10.03
411,国防军工,BK1204,6041.25,-162.78,-2.62,3346240688000,3.08,22,120,航天电器,10.0
412,有色金属,BK0478,28965.08,-781.97,-2.63,5608505344000,3.8,36,107,隆达股份,7.62
413,风电零部件,BK1313,2060.15,-56.02,-2.65,257042900000,3.1,4,22,中环海陆,4.05
414,电池,BK1033,1519.85,-41.36,-2.65,3791756832000,3.8,18,87,蔚蓝锂芯,9.98
415,军工电子Ⅲ,BK1386,7353.42,-200.33,-2.65,1194639744000,4.17,11,52,航天电器,10.0
416,军工电子Ⅱ,BK1233,7353.42,-200.33,-2.65,1194639744000,4.17,11,52,航天电器,10.0
417,汽车电子电气系统,BK1529,3851.4,-105.39,-2.66,482989712000,2.65,5,37,富特科技,4.85
418,塑料,BK0454,23150.36,-633.85,-2.67,784066160000,4.64,17,60,*ST泉为,19.07
419,通信网络设备及器件,BK1591,15245.08,-419.61,-2.68,3397799744000,4.09,6,31,星网锐捷,10.0
420,黄金,BK1617,5479.5,-154.24,-2.74,454517360000,5.23,3,7,山金国际,1.86
421,照明设备Ⅲ,BK1460,2856.03,-80.46,-2.74,92301896000,2.08,2,13,得邦照明,4.81
422,照明设备Ⅱ,BK1245,2856.03,-80.46,-2.74,92301896000,2.08,2,13,得邦照明,4.81
423,风电设备,BK1032,1362.09,-38.43,-2.74,427244912000,3.09,4,27,中环海陆,4.05
424,电网自动化设备,BK1309,6860.42,-194.06,-2.75,503179824000,2.29,4,24,四方股份,5.1
425,国际工程,BK1475,2443.08,-69.36,-2.76,49368499000,1.66,1,3,中材国际,0.82
426,通信服务,BK0736,1060.37,-30.12,-2.76,2914606432000,0.82,8,32,*ST元道,10.08
427,工控设备,BK1407,6303.15,-179.75,-2.77,527014880000,4.19,5,27,创世纪,5.34
428,果蔬加工,BK1503,2799.08,-80.26,-2.79,40531398000,2.03,1,5,XD冠农股,0.9
429,通信工程及服务,BK1588,2701.04,-78.24,-2.82,95812860000,3.98,3,17,*ST元道,10.08
430,LED,BK1333,8144.41,-236.45,-2.82,304931968000,5.74,5,25,爱克股份,5.08
431,其他自动化设备,BK1410,7813.54,-226.96,-2.82,347875872000,3.83,6,25,锐翔智能,5.56
432,锂电专用设备,BK1304,24525.42,-715.9,-2.84,194358262000,3.44,3,16,德新科技,7.79
433,其他小金属,BK1624,5722.24,-168.09,-2.85,472367232000,6.65,4,11,华锡有色,1.41
434,航空装备Ⅲ,BK1384,4403.47,-130.34,-2.87,1007282912000,2.0,3,45,佳驰科技,2.95
435,航空装备Ⅱ,BK1231,4403.47,-130.34,-2.87,1007282912000,2.0,3,45,佳驰科技,2.95
436,自动化设备,BK1237,12388.08,-370.51,-2.9,1590598592000,5.6,17,77,派斯林,10.08
437,光伏辅材,BK1316,2514.54,-77.27,-2.98,174328371000,2.13,0,17,聚和材料,-0.01
438,印刷包装机械,BK1406,2265.49,-69.79,-2.99,53349255000,3.66,0,12,鸿铭股份,-0.44
439,电池化学品,BK1302,12785.11,-394.61,-2.99,997325552000,3.83,9,34,壹石通,8.02
440,其他专业工程,BK1477,3773.06,-116.75,-3.0,262728538000,1.82,6,14,深桑达Ａ,1.48
441,机器人,BK1408,11527.37,-357.47,-3.01,306945856000,9.49,5,16,派斯林,10.08
442,清洁小家电,BK1459,1990.63,-63.53,-3.09,97346372000,1.25,1,7,开能健康,0.54
443,广告营销,BK1220,4265.23,-137.79,-3.13,273653008000,4.43,3,27,分众传媒,3.27
444,其他饰品,BK1356,579.12,-18.86,-3.15,5196301000,1.7,0,2,瑞贝卡,-3.13
445,其他专业服务,BK1567,1054.39,-34.54,-3.17,14514248000,1.33,1,3,中金辐照,0.38
446,机床工具,BK1395,2049.3,-67.32,-3.18,151012058000,5.38,1,17,浙海德曼,1.36
447,环保设备Ⅲ,BK1387,3716.91,-122.71,-3.2,167931750000,3.05,1,25,恒誉环保,3.74
448,环保设备Ⅱ,BK1234,3716.91,-122.71,-3.2,167931750000,3.05,1,25,恒誉环保,3.74
449,地面兵装Ⅲ,BK1382,3516.71,-117.22,-3.23,138950154000,3.34,2,10,中兵红箭,2.15
450,地面兵装Ⅱ,BK1229,3516.71,-117.22,-3.23,138950154000,3.34,2,10,中兵红箭,2.15
451,线缆部件及其他,BK1312,3594.4,-120.19,-3.24,378798800000,3.93,5,35,华通线缆,10.0
452,蓄电池及其他电池,BK1306,2411.54,-80.73,-3.24,83368203000,3.46,0,10,天能股份,-0.09
453,风电整机,BK1314,1549.9,-52.08,-3.25,170202017000,3.07,0,5,运达股份,-1.97
454,仪器仪表,BK0458,22094.15,-764.62,-3.34,709501824000,3.01,9,55,先锋电子,9.98
455,激光设备,BK1409,21179.59,-736.0,-3.36,408761984000,5.53,1,9,大族激光,1.03
456,光伏设备,BK1031,1256.23,-44.22,-3.4,1522503008000,2.67,4,63,双良节能,2.78
457,通信应用增值服务,BK1589,4769.57,-169.47,-3.43,272436752000,3.41,2,15,北纬科技,6.55
458,营销代理,BK1293,4067.81,-147.25,-3.49,193715558000,6.59,2,25,福石控股,1.52
459,光学光电子,BK1038,2349.77,-85.16,-3.5,1874528688000,7.25,14,82,天山电子,10.73
460,改性塑料,BK1437,7592.13,-275.75,-3.5,181959838000,4.56,2,19,*ST泉为,19.07
461,工程机械器件,BK1392,17300.28,-630.46,-3.52,229104841000,2.98,2,11,唯万密封,7.09
462,电机Ⅲ,BK1307,2606.19,-96.81,-3.58,279670064000,5.84,3,24,神力股份,10.03
463,电机Ⅱ,BK1030,2606.19,-96.81,-3.58,279670064000,5.84,3,24,神力股份,10.03
464,金属制品,BK1396,5944.5,-222.52,-3.61,891358032000,5.04,15,64,春晖智控,8.9
465,胶黏剂及胶带,BK1425,3302.18,-125.49,-3.66,24701075000,7.2,1,4,鹿山新材,0.09
466,面板,BK1335,3725.25,-144.86,-3.74,1115604576000,7.8,6,35,天山电子,10.73
467,林业Ⅲ,BK1502,4167.99,-162.71,-3.76,19154654000,8.38,0,4,福建金森,-0.24
468,林业Ⅱ,BK1255,4167.99,-162.71,-3.76,19154654000,8.38,0,4,福建金森,-0.24
469,其他黑色家电,BK1454,2717.44,-107.7,-3.81,44231635000,2.8,0,6,极米科技,-1.75
470,半导体材料,BK1325,16940.29,-674.74,-3.83,1384769440000,8.69,5,26,创达新材,4.29
471,膜材料,BK1439,4165.3,-165.99,-3.83,276029456000,5.11,2,19,龙辰科技,11.14
472,光学元件,BK1334,18551.55,-748.91,-3.88,453992144000,5.12,3,22,奥来德,4.15
473,印制电路板,BK1340,13081.04,-537.68,-3.95,2907871920000,6.09,5,42,贤丰控股,9.92
474,元件,BK0459,64643.74,-2747.32,-4.08,3577364464000,6.32,6,60,贤丰控股,9.92
475,文字媒体,BK1298,2267.22,-98.09,-4.15,24433335000,4.01,0,2,中文在线,-3.52
476,小金属,BK1027,4343.38,-198.67,-4.37,1246978832000,5.45,4,21,华锡有色,1.41
477,被动元件,BK1339,15971.54,-734.15,-4.39,669492544000,7.02,1,18,钧崴电子,0.82
478,玻璃制造,BK1461,1938.06,-90.11,-4.44,60130006000,4.03,0,8,耀皮Ｂ股,0.0
479,光伏电池组件,BK1315,2397.97,-111.75,-4.45,346858832000,2.63,0,23,海泰新能,-1.64
480,通信线缆及配套,BK1592,27772.31,-1322.25,-4.54,940851184000,8.66,1,12,特发信息,4.45
481,其他金属新材料,BK1619,4348.48,-218.24,-4.78,277801232000,4.85,1,19,隆达股份,7.62
482,航天装备Ⅲ,BK1385,5609.61,-284.5,-4.83,465777248000,3.7,1,8,中天火箭,2.96
483,航天装备Ⅱ,BK1232,5609.61,-284.5,-4.83,465777248000,3.7,1,8,中天火箭,2.96
484,金属新材料,BK1288,6726.39,-347.82,-4.92,501362128000,5.42,2,33,隆达股份,7.62
485,磁性材料,BK1618,6352.9,-342.07,-5.11,223560908000,6.08,1,14,铂科新材,0.57
486,其他数字媒体,BK1295,1073.0,-59.02,-5.21,11779381000,23.71,1,1,风语筑,2.32
487,其他化学纤维,BK1415,3504.2,-193.45,-5.23,111934893000,5.88,0,8,双欣材料,-2.25
488,钼,BK1623,1585.39,-88.16,-5.27,124810561000,3.25,0,2,盛龙股份,-5.14
489,光伏加工设备,BK1317,7583.92,-423.5,-5.29,265273026000,3.76,0,11,欧普泰,-2.03
490,橡胶助剂,BK1443,5605.69,-323.91,-5.46,57294652000,6.82,0,2,阳谷华泰,-4.87
491,稀土,BK1626,10501.28,-639.07,-5.74,304216608000,4.11,0,4,北方稀土,-2.59
492,氟化工,BK1424,16608.93,-1023.12,-5.8,398147920000,8.34,0,10,巍华新材,-0.51
493,图片媒体,BK1297,3090.26,-194.2,-5.91,12820567000,5.62,0,1,视觉中国,-5.91
494,玻璃玻纤,BK0546,74924.35,-4932.01,-6.18,851511120000,5.48,0,16,耀皮Ｂ股,0.0
495,玻纤制造,BK1462,19979.36,-1767.16,-8.13,791381120000,7.09,0,8,振石股份,-2.57
496,钨,BK1625,10478.14,-944.15,-8.27,345584432000,6.99,0,4,厦门钨业,-5.61
