date,名称,今日涨跌幅,今日主力净流入-净额,今日主力净流入-净占比
2026-07-19,电力,1.24,553171712.0,0.9
2026-07-19,国有大型银行Ⅲ,2.0,511238928.0,3.15
2026-07-19,火力发电,1.74,508012560.0,2.03
2026-07-19,公用事业,0.59,466998016.0,0.69
2026-07-19,炼油化工,0.47,374590128.0,4.49
2026-07-19,炼化及贸易,-1.7,345686816.0,3.04
2026-07-19,体外诊断,-5.3,279551824.0,3.53
2026-07-19,锂电池,-4.82,199153152.0,0.45
2026-07-19,风力发电,0.93,198469648.0,2.59
2026-07-19,聚氨酯,-3.63,180643328.0,3.74
2026-07-19,电能综合服务,2.84,161979008.0,3.34
2026-07-19,纯碱,0.09,61798513.0,5.57
2026-07-19,氮肥,1.23,53902166.0,2.16
2026-07-19,会展服务,3.88,37973169.0,12.18
2026-07-19,油品石化贸易,-1.95,37309364.0,3.84
2026-07-19,电信运营商,0.65,27391408.0,0.77
2026-07-19,工程咨询服务Ⅱ,-3.86,26206928.0,0.31
2026-07-19,工程咨询服务Ⅲ,-3.86,26206928.0,0.31
2026-07-19,定制家居,-3.64,22408808.0,1.92
2026-07-19,超市,-2.76,17696539.0,0.56
2026-07-19,电商服务,-4.38,14671317.0,0.64
2026-07-19,石油石化,-1.37,14325408.0,0.07
2026-07-19,期货,-1.51,12473147.0,2.47
2026-07-19,宠物食品,-2.52,9854908.0,1.31
2026-07-19,油气及炼化工程,-0.56,9736120.0,0.3
2026-07-19,其他医疗服务,-5.42,4516734.0,0.37
2026-07-19,果蔬加工,-3.11,4492468.0,0.7
2026-07-19,鞋帽及其他,-3.37,4285150.0,0.24
2026-07-19,家纺,-1.27,4054478.0,1.08
2026-07-19,涤纶,-3.77,3722243.0,0.39
2026-07-19,公路货运,-2.53,3644049.0,1.09
2026-07-19,其他家电Ⅲ,-3.75,3641458.0,2.36
2026-07-19,其他家电Ⅱ,-3.75,3641458.0,2.36
2026-07-19,涂料,-3.38,3591458.0,1.13
2026-07-19,汽车经销商,-1.43,2922326.0,1.28
2026-07-19,厨卫电器,-1.72,2075602.0,0.26
2026-07-19,卫浴电器,-0.88,2068058.0,1.05
2026-07-19,人力资源服务,-2.62,1467634.0,0.62
2026-07-19,房地产综合服务,-3.73,762376.0,1.06
2026-07-19,海洋捕捞,-1.82,419208.0,0.31
2026-07-19,厨房电器,-2.15,7543.0,0.0
2026-07-19,其他能源发电,-1.3,-247166.0,-0.22
2026-07-19,纺织鞋类制造,0.4,-725118.0,-0.65
2026-07-19,氨纶,1.1,-783379.0,-0.17
2026-07-19,医美服务,-0.64,-1459315.0,-10.85
2026-07-19,林业Ⅱ,-4.25,-1818565.0,-0.27
2026-07-19,林业Ⅲ,-4.25,-1818565.0,-0.27
2026-07-19,文化用品,-3.01,-2033734.0,-0.33
2026-07-19,个护小家电,-3.14,-2036360.0,-0.75
2026-07-19,其他专业服务,-2.99,-2305558.0,-0.94
2026-07-19,餐饮,-2.5,-3414119.0,-1.98
2026-07-19,燃料电池,-5.35,-5027593.0,-7.29
2026-07-19,仓储物流,-2.62,-5124550.0,-0.61
2026-07-19,无机盐,-5.19,-5442720.0,-0.14
2026-07-19,大气治理,-2.45,-6346614.0,-1.57
2026-07-19,长材,-1.74,-6575035.0,-4.4
2026-07-19,烘焙食品,-3.23,-6685371.0,-1.25
2026-07-19,洗护用品,-3.47,-6755502.0,-3.13
2026-07-19,其他养殖,-4.0,-6965959.0,-5.6
2026-07-19,水产饲料,-2.55,-7163501.0,-0.71
2026-07-19,动物保健Ⅱ,-3.4,-7827878.0,-0.8
2026-07-19,动物保健Ⅲ,-3.4,-7827878.0,-0.8
2026-07-19,钴,-4.05,-8648825.0,-1.59
2026-07-19,卫浴制品,-3.14,-9311026.0,-3.06
2026-07-19,租赁,0.33,-11189793.0,-0.95
2026-07-19,酒店,-2.01,-11539839.0,-1.84
2026-07-19,学历教育,-3.97,-11747881.0,-6.3
2026-07-19,粮食种植,-1.11,-12001417.0,-2.75
2026-07-19,房产租赁经纪,-5.21,-12199991.0,-3.0
2026-07-19,电网自动化设备,-2.65,-13253088.0,-0.14
2026-07-19,国际工程,-1.17,-13300995.0,-1.73
2026-07-19,医美耗材,-1.94,-13606493.0,-0.87
2026-07-19,棉纺,-1.83,-14385729.0,-1.17
2026-07-19,印刷,-1.6,-14884944.0,-5.5
2026-07-19,辅料,-2.54,-14889942.0,-3.85
2026-07-19,水泥制品,-2.63,-14952640.0,-2.92
2026-07-19,酒店餐饮,-2.21,-14953958.0,-1.87
2026-07-19,化妆品制造及其他,-6.02,-14964748.0,-2.83
2026-07-19,医疗美容,-1.62,-15065813.0,-0.95
2026-07-19,渔业,-2.23,-15464022.0,-2.59
2026-07-19,水产养殖,-2.54,-15883230.0,-3.43
2026-07-19,钢铁管材,-1.94,-15897460.0,-4.96
2026-07-19,农业综合Ⅱ,-2.18,-16217191.0,-13.6
2026-07-19,农业综合Ⅲ,-2.18,-16217191.0,-13.6
2026-07-19,钢结构,-2.58,-16915484.0,-1.75
2026-07-19,冶钢辅料,-1.04,-16991394.0,-2.48
2026-07-19,商用载客车,-2.73,-17028469.0,-1.63
2026-07-19,综合包装,-4.45,-17342348.0,-4.95
2026-07-19,其他饰品,-4.74,-17562546.0,-18.86
2026-07-19,厨房小家电,-2.73,-18520168.0,-3.16
2026-07-19,信托,-1.29,-18558863.0,-3.43
2026-07-19,热力服务,-1.07,-18574976.0,-0.43
2026-07-19,炭黑,-2.38,-19131166.0,-3.4
2026-07-19,熟食,-6.08,-23555366.0,-9.56
2026-07-19,耐火材料,-2.62,-24188353.0,-4.94
2026-07-19,氯碱,-1.62,-24228715.0,-0.71
2026-07-19,民爆制品,-2.09,-25297592.0,-0.97
2026-07-19,锦纶,-2.64,-26230427.0,-5.2
2026-07-19,食用菌,-4.1,-26363704.0,-5.54
2026-07-19,农用机械,-3.29,-27241936.0,-5.7
2026-07-19,其他种植业,-3.49,-27865778.0,-3.11
2026-07-19,玻璃制造,-1.41,-29804897.0,-2.08
2026-07-19,跨境电商,-3.27,-30165206.0,-1.73
2026-07-19,其他黑色家电,-6.42,-30387203.0,-3.13
2026-07-19,轨交设备Ⅱ,-2.99,-30423792.0,-0.73
2026-07-19,轨交设备Ⅲ,-2.99,-30423792.0,-0.73
2026-07-19,汽车服务,-2.89,-30902329.0,-4.25
2026-07-19,体育Ⅱ,-4.98,-31152070.0,-6.82
2026-07-19,体育Ⅲ,-4.98,-31152070.0,-6.82
2026-07-19,印染,-5.01,-31583210.0,-5.28
2026-07-19,啤酒,-1.35,-31849855.0,-2.39
2026-07-19,跨境物流,-1.94,-31972350.0,-3.14
2026-07-19,端到端供应链服务,-4.17,-32345065.0,-4.28
2026-07-19,综合电商,-3.81,-32516369.0,-12.48
2026-07-19,教育运营及其他,-5.38,-32628350.0,-14.06
2026-07-19,特钢Ⅲ,-3.02,-33040488.0,-1.97
2026-07-19,特钢Ⅱ,-3.02,-33040488.0,-1.97
2026-07-19,视频媒体,-3.26,-33367173.0,-7.69
2026-07-19,其他橡胶制品,-3.23,-33433188.0,-2.94
2026-07-19,资产管理,-4.48,-33730844.0,-5.2
2026-07-19,汽车综合服务,-5.81,-33824655.0,-6.79
2026-07-19,胶黏剂及胶带,-5.64,-34637533.0,-5.83
2026-07-19,防水材料,-5.74,-34893129.0,-3.75
2026-07-19,照明设备Ⅱ,-3.69,-36388365.0,-2.85
2026-07-19,照明设备Ⅲ,-3.69,-36388365.0,-2.85
2026-07-19,水泥制造,-1.57,-37781829.0,-1.48
2026-07-19,焦炭Ⅲ,-2.89,-38125198.0,-4.67
2026-07-19,焦炭Ⅱ,-2.89,-38125198.0,-4.67
2026-07-19,其他纺织,-4.77,-38974858.0,-2.93
2026-07-19,金属包装,-4.73,-39077752.0,-3.16
2026-07-19,物业管理,-3.8,-39786262.0,-6.08
2026-07-19,其他建材Ⅲ,-4.96,-39985286.0,-1.64
2026-07-19,化学工程,-3.76,-40762849.0,-3.91
2026-07-19,其他数字媒体,-6.24,-40890189.0,-3.34
2026-07-19,生活用纸,-2.43,-42171349.0,-3.61
2026-07-19,专业连锁Ⅱ,-2.28,-42905395.0,-2.33
2026-07-19,专业连锁Ⅲ,-2.28,-42905395.0,-2.33
2026-07-19,橡胶助剂,-3.07,-43308549.0,-2.37
2026-07-19,粘胶,-4.87,-43877266.0,-6.73
2026-07-19,旅游综合,-3.39,-44383386.0,-5.92
2026-07-19,图片媒体,-6.78,-47354293.0,-9.19
2026-07-19,涂料油墨,-5.95,-47873568.0,-1.17
2026-07-19,互联网电商,-3.86,-48010269.0,-1.11
2026-07-19,个护用品,-2.75,-48926850.0,-3.54
2026-07-19,其他酒类,-2.05,-49468914.0,-3.75
2026-07-19,粮油加工,-2.14,-49761201.0,-8.29
2026-07-19,娱乐用品,-4.17,-50400164.0,-2.99
2026-07-19,房地产服务,-4.08,-51223878.0,-4.52
2026-07-19,保健品,-3.85,-51494704.0,-4.54
2026-07-19,教育出版,-1.32,-52047652.0,-4.68
2026-07-19,文娱用品,-3.89,-52433913.0,-2.28
2026-07-19,水泥,-1.99,-52734472.0,-1.72
2026-07-19,其他化学纤维,-3.04,-53131553.0,-3.07
2026-07-19,大众出版,-3.0,-54379782.0,-3.15
2026-07-19,原材料供应链服务,-2.98,-54608121.0,-4.7
2026-07-19,商业物业经营,-2.96,-54743253.0,-2.04
2026-07-19,公交,-2.75,-56027808.0,-6.11
2026-07-19,人工景区,-2.82,-56364851.0,-8.34
2026-07-19,光伏发电,0.39,-56468368.0,-1.21
2026-07-19,预加工食品,-3.69,-56933078.0,-4.54
2026-07-19,商业地产,-2.51,-57618416.0,-3.36
2026-07-19,零食,-4.08,-57829808.0,-2.84
2026-07-19,广告媒体,-2.55,-57938928.0,-5.78
2026-07-19,种子,-2.34,-58456860.0,-5.16
2026-07-19,其他家居用品,-3.81,-59509362.0,-2.94
2026-07-19,铁矿石,-4.19,-60768659.0,-5.14
2026-07-19,机场,-0.59,-60858494.0,-5.35
2026-07-19,火电设备,-0.99,-61731732.0,-5.4
2026-07-19,百货,-2.86,-62942083.0,-1.88
2026-07-19,金融信息服务,-5.2,-65226546.0,-6.41
2026-07-19,园林工程,-6.17,-65228569.0,-4.27
2026-07-19,其他石化,-3.15,-66212678.0,-3.21
2026-07-19,纺织化学制品,-3.2,-68635615.0,-2.75
2026-07-19,楼宇设备,-4.3,-68873487.0,-5.25
2026-07-19,瓷砖地板,-5.35,-69393586.0,-4.63
2026-07-19,肉制品,-2.19,-70356354.0,-3.13
2026-07-19,品牌消费电子,-4.58,-70794912.0,-1.2
2026-07-19,钟表珠宝,-2.44,-71430223.0,-4.72
2026-07-19,钼,-3.45,-72958352.0,-3.46
2026-07-19,配电设备,-3.96,-73665917.0,-1.66
2026-07-19,成品家居,-3.99,-75486468.0,-4.28
2026-07-19,贸易Ⅲ,-3.02,-76953064.0,-5.77
2026-07-19,贸易Ⅱ,-3.02,-76953064.0,-5.77
2026-07-19,冶钢原料,-2.79,-77760053.0,-4.16
2026-07-19,摩托车,-2.82,-79655642.0,-4.33
2026-07-19,复合肥,-1.26,-79867787.0,-6.01
2026-07-19,核力发电,0.88,-80021688.0,-4.03
2026-07-19,肉鸡养殖,-2.7,-80587367.0,-5.78
2026-07-19,非白酒,-1.76,-81318771.0,-3.07
2026-07-19,其他运输设备,-2.77,-82311918.0,-7.12
2026-07-19,其他农产品加工,-3.46,-82541023.0,-8.03
2026-07-19,多业态零售,-3.37,-84325507.0,-4.76
2026-07-19,印刷包装机械,-4.66,-84768003.0,-7.2
2026-07-19,机床工具,-5.62,-85272128.0,-2.53
2026-07-19,自然景区,-3.01,-85623257.0,-6.65
2026-07-19,燃气Ⅲ,-1.77,-86173632.0,-1.37
2026-07-19,燃气Ⅱ,-1.77,-86173632.0,-1.37
2026-07-19,冰洗,-3.36,-86932316.0,-5.93
2026-07-19,煤化工,-0.27,-87056624.0,-2.05
2026-07-19,其他塑料制品,-4.5,-87073577.0,-3.27
2026-07-19,休闲食品,-4.01,-88070545.0,-3.13
2026-07-19,油服工程,-0.92,-88156912.0,-1.6
2026-07-19,饰品,-2.7,-88992769.0,-5.54
2026-07-19,旅游零售Ⅲ,-3.43,-90970708.0,-3.8
2026-07-19,旅游零售Ⅱ,-3.43,-90970708.0,-3.8
2026-07-19,饲料,-2.57,-91413556.0,-2.95
2026-07-19,纺织服装设备,-4.84,-92355735.0,-5.4
2026-07-19,畜禽饲料,-2.61,-94104963.0,-7.02
2026-07-19,线下药店,-4.26,-95437754.0,-5.78
2026-07-19,橡胶,-3.0,-95872883.0,-2.72
2026-07-19,油田服务,-1.2,-97893034.0,-4.27
2026-07-19,磷肥及磷化工,-1.51,-99352528.0,-2.2
2026-07-19,纺织制造,-3.57,-100558868.0,-2.75
2026-07-19,工程机械器件,-5.2,-101082402.0,-5.46
2026-07-19,航空运输,-1.03,-101511776.0,-3.72
2026-07-19,钾肥,0.58,-101737600.0,-2.05
2026-07-19,通信工程及服务,-5.1,-103997672.0,-2.27
2026-07-19,培训教育,-3.93,-104196018.0,-7.81
2026-07-19,商用载货车,-2.78,-104775072.0,-3.4
2026-07-19,基建市政工程,-1.87,-105495792.0,-1.94
2026-07-19,清洁小家电,-3.4,-105922117.0,-5.58
2026-07-19,出版,-2.4,-106427431.0,-3.75
2026-07-19,大宗用纸,-2.41,-106590142.0,-9.27
2026-07-19,钛白粉,-2.09,-107073065.0,-9.93
2026-07-19,品牌化妆品,-4.43,-107545592.0,-4.65
2026-07-19,塑料包装,-4.62,-107587332.0,-10.15
2026-07-19,食品及饲料添加剂,-3.57,-108258478.0,-2.7
2026-07-19,软饮料,-3.46,-109457520.0,-5.27
2026-07-19,特种纸,-3.77,-111063104.0,-6.57
2026-07-19,文字媒体,-8.07,-112451062.0,-6.75
2026-07-19,光伏辅材,-4.0,-112586535.0,-2.75
2026-07-19,高速公路,0.04,-113279238.0,-5.83
2026-07-19,电视广播Ⅲ,-3.69,-113784954.0,-5.8
2026-07-19,电视广播Ⅱ,-3.69,-113784954.0,-5.8
2026-07-19,装修装饰Ⅱ,-6.6,-115080311.0,-5.28
2026-07-19,装修装饰Ⅲ,-6.6,-115080311.0,-5.28
2026-07-19,蓄电池及其他电池,-5.14,-115439910.0,-5.33
2026-07-19,金融控股,-1.24,-116993844.0,-5.3
2026-07-19,管材,-3.7,-118037175.0,-15.52
2026-07-19,轮胎轮毂,-3.02,-118928500.0,-3.89
2026-07-19,电工仪器仪表,-2.55,-119506465.0,-4.53
2026-07-19,化学纤维,-3.29,-120300367.0,-2.81
2026-07-19,硅料硅片,-1.72,-120633632.0,-4.44
2026-07-19,综合环境治理,-5.14,-121231538.0,-6.52
2026-07-19,商用车,-2.76,-121803552.0,-2.95
2026-07-19,光伏主材,-1.58,-122405234.0,-6.79
2026-07-19,化妆品,-5.11,-122510346.0,-4.31
2026-07-19,纸包装,-4.68,-124507918.0,-4.9
2026-07-19,种植业,-2.83,-124687768.0,-4.24
2026-07-19,小家电,-3.05,-126478645.0,-4.58
2026-07-19,农产品加工,-2.96,-127809751.0,-5.62
2026-07-19,诊断服务,-7.56,-131694308.0,-6.23
2026-07-19,地面兵装Ⅱ,-4.06,-136772125.0,-5.34
2026-07-19,地面兵装Ⅲ,-4.06,-136772125.0,-5.34
2026-07-19,血液制品,-3.87,-142757582.0,-10.97
2026-07-19,固废治理,-3.85,-144288100.0,-2.57
2026-07-19,综合乘用车,-2.21,-146446105.0,-7.34
2026-07-19,教育,-4.12,-148572253.0,-8.47
2026-07-19,运动服装,-8.8,-154486248.0,-8.71
2026-07-19,铁路运输,-1.47,-155269040.0,-4.97
2026-07-19,板材,-1.02,-158287056.0,-3.62
2026-07-19,水力发电,3.28,-159977360.0,-1.27
2026-07-19,氟化工,-0.15,-160037200.0,-1.3
2026-07-19,摩托车及其他,-2.79,-161967558.0,-5.4
2026-07-19,焦煤,-2.32,-162080891.0,-6.61
2026-07-19,航空机场,-0.88,-162370288.0,-4.2
2026-07-19,农药,-2.84,-163143174.0,-4.54
2026-07-19,产业地产,-2.21,-165750910.0,-11.97
2026-07-19,非运动服装,-3.66,-165987093.0,-5.0
2026-07-19,其他通信设备,-4.17,-167187739.0,-8.09
2026-07-19,乳品,-1.78,-168005434.0,-4.12
2026-07-19,风电零部件,-4.18,-168515248.0,-2.67
2026-07-19,基础建设,-3.43,-170724336.0,-2.45
2026-07-19,食品加工,-3.35,-178784137.0,-3.86
2026-07-19,普钢,-1.23,-180759552.0,-3.73
2026-07-19,光伏电池组件,-3.9,-182140624.0,-3.0
2026-07-19,一般零售,-3.01,-184314304.0,-1.68
2026-07-19,快递,-3.07,-185038829.0,-9.24
2026-07-19,旅游及景区,-3.1,-186371500.0,-6.87
2026-07-19,美容护理,-3.67,-186503022.0,-3.21
2026-07-19,家居用品,-3.99,-191291621.0,-2.83
2026-07-19,有机硅,-4.67,-191599933.0,-4.69
2026-07-19,其他化学原料,-2.62,-195373146.0,-6.55
2026-07-19,水务及水治理,-4.08,-205193791.0,-3.5
2026-07-19,环保设备Ⅲ,-5.19,-206226282.0,-5.14
2026-07-19,环保设备Ⅱ,-5.19,-206226282.0,-5.14
2026-07-19,装修建材,-4.15,-213512505.0,-4.33
2026-07-19,改性塑料,-5.31,-215097749.0,-5.26
2026-07-19,造纸,-3.12,-217653239.0,-7.67
2026-07-19,综合电力设备商,-2.76,-220223710.0,-13.32
2026-07-19,多元金融,-2.06,-233226768.0,-3.82
2026-07-19,综合Ⅱ,-2.82,-239450480.0,-5.12
2026-07-19,综合,-2.82,-239450480.0,-5.12
2026-07-19,综合Ⅲ,-2.82,-239450480.0,-5.12
2026-07-19,油气开采Ⅲ,-0.61,-243204536.0,-8.37
2026-07-19,油气开采Ⅱ,-0.61,-243204536.0,-8.37
2026-07-19,白银,-6.76,-249543872.0,-8.11
2026-07-19,港口,0.33,-252781072.0,-9.11
2026-07-19,农商行Ⅲ,0.0,-253259409.0,-9.74
2026-07-19,输变电设备,-2.37,-265389184.0,-2.11
2026-07-19,磨具磨料,-5.75,-271803088.0,-3.44
2026-07-19,饮料乳品,-2.28,-277462944.0,-4.51
2026-07-19,院线,-6.59,-278063344.0,-5.84
2026-07-19,电机Ⅲ,-4.86,-282183040.0,-5.19
2026-07-19,电机Ⅱ,-4.86,-282183040.0,-5.19
2026-07-19,原料药,-6.79,-283835568.0,-2.13
2026-07-19,彩电,-5.46,-284281199.0,-11.93
2026-07-19,专业服务,-3.68,-287955424.0,-6.09
2026-07-19,合成树脂,-5.42,-289725616.0,-4.81
2026-07-19,钢铁,-2.02,-291560096.0,-3.48
2026-07-19,航运,-0.97,-296467744.0,-4.11
2026-07-19,房屋建设Ⅲ,-2.68,-299132128.0,-10.41
2026-07-19,房屋建设Ⅱ,-2.68,-299132128.0,-10.41
2026-07-19,包装印刷,-4.38,-303400296.0,-5.55
2026-07-19,物流,-2.77,-305444850.0,-5.0
2026-07-19,工程机械整机,-2.78,-306757856.0,-5.32
2026-07-19,服装家纺,-3.67,-312133728.0,-4.29
2026-07-19,黑色家电,-6.0,-314668405.0,-9.39
2026-07-19,其他专业工程,-4.7,-324452928.0,-5.26
2026-07-19,铁路公路,-0.87,-324576064.0,-5.42
2026-07-19,检测服务,-4.93,-325090664.0,-8.26
2026-07-19,镍,-4.69,-333208536.0,-14.2
2026-07-19,铅锌,-4.19,-336996576.0,-6.15
2026-07-19,调味发酵品Ⅱ,-3.12,-342016128.0,-7.17
2026-07-19,调味发酵品Ⅲ,-3.12,-342016128.0,-7.17
2026-07-19,通信应用增值服务,-5.24,-344431504.0,-3.61
2026-07-19,光伏加工设备,-5.8,-353419568.0,-5.89
2026-07-19,化学原料,-2.21,-357375744.0,-2.13
2026-07-19,医院,-4.22,-364047248.0,-6.83
2026-07-19,风电整机,-3.28,-367438872.0,-10.07
2026-07-19,影视动漫制作,-5.62,-380227616.0,-6.11
2026-07-19,能源及重型设备,-3.95,-381540800.0,-2.96
2026-07-19,农化制品,-1.79,-390198912.0,-2.31
2026-07-19,专业工程,-3.65,-395432288.0,-4.42
2026-07-19,空调,-0.96,-395857776.0,-5.85
2026-07-19,膜材料,-4.53,-399486960.0,-3.92
2026-07-19,车身附件及饰件,-4.42,-400723824.0,-5.77
2026-07-19,电动乘用车,-2.64,-403300816.0,-4.92
2026-07-19,工程机械,-3.68,-407840240.0,-5.35
2026-07-19,医药流通,-4.46,-416118310.0,-8.09
2026-07-19,黄金,-5.54,-417185360.0,-3.67
2026-07-19,通信服务,-4.72,-421037776.0,-2.38
2026-07-19,制冷空调设备,-5.98,-423377424.0,-6.36
2026-07-19,非金属材料Ⅲ,-4.93,-424234784.0,-8.72
2026-07-19,非金属材料Ⅱ,-4.93,-424234784.0,-8.72
2026-07-19,医疗耗材,-5.06,-439571360.0,-5.17
2026-07-19,商贸零售,-3.12,-443153728.0,-2.13
2026-07-19,疫苗,-4.98,-449460379.0,-11.47
2026-07-19,航海装备Ⅱ,-4.4,-453000848.0,-6.29
2026-07-19,航海装备Ⅲ,-4.4,-453000848.0,-6.29
2026-07-19,其他通用设备,-5.06,-468026832.0,-2.84
2026-07-19,环境治理,-4.05,-477060048.0,-3.47
2026-07-19,锂电专用设备,-5.77,-479494070.0,-10.88
2026-07-19,白色家电,-2.62,-482790096.0,-5.86
2026-07-19,其他汽车零部件,-5.37,-494146992.0,-5.69
2026-07-19,磁性材料,-6.65,-495773920.0,-8.31
2026-07-19,汽车电子电气系统,-5.41,-501261424.0,-5.55
2026-07-19,纺织服饰,-3.48,-501685344.0,-4.0
2026-07-19,生猪养殖,-3.21,-508818352.0,-7.6
2026-07-19,医药商业,-4.41,-511556062.0,-7.53
2026-07-19,动力煤,-1.73,-522269632.0,-5.59
2026-07-19,稀土,-4.13,-523077984.0,-7.96
2026-07-19,风电设备,-4.03,-535954112.0,-5.38
2026-07-19,城商行Ⅲ,0.19,-546605792.0,-5.91
2026-07-19,航运港口,-0.37,-549248800.0,-5.5
2026-07-19,乘用车,-2.35,-549746928.0,-5.39
2026-07-19,其他化学制品,-4.38,-553807152.0,-4.42
2026-07-19,逆变器,-3.99,-574223760.0,-6.05
2026-07-19,铝,-3.88,-586310448.0,-3.79
2026-07-19,保险Ⅲ,-0.63,-590483216.0,-4.95
2026-07-19,保险Ⅱ,-0.63,-590483216.0,-4.95
2026-07-19,养殖业,-3.13,-596371696.0,-7.26
2026-07-19,营销代理,-4.87,-606985584.0,-4.15
2026-07-19,锂,-4.61,-613809200.0,-5.23
2026-07-19,线缆部件及其他,-3.87,-646557872.0,-6.01
2026-07-19,其他小金属,-4.86,-651041520.0,-5.49
2026-07-19,影视院线,-5.84,-658290976.0,-5.99
2026-07-19,广告营销,-4.64,-664924512.0,-4.26
2026-07-19,贵金属,-5.82,-666729264.0,-4.61
2026-07-19,社会服务,-3.46,-669005200.0,-6.4
2026-07-19,环保,-4.27,-683286320.0,-3.85
2026-07-19,煤炭开采,-1.95,-684350496.0,-5.81
2026-07-19,其他金属新材料,-6.37,-693282624.0,-9.4
2026-07-19,医疗设备,-5.98,-720448416.0,-6.69
2026-07-19,煤炭,-2.14,-722475696.0,-5.73
2026-07-19,仪器仪表,-6.1,-723742208.0,-3.54
2026-07-19,门户网站,-4.05,-730206528.0,-10.44
2026-07-19,安防设备,-5.98,-746309936.0,-10.79
2026-07-19,轻工制造,-3.96,-764779088.0,-4.4
2026-07-19,通信终端及配件,-4.39,-774775232.0,-5.08
2026-07-19,其他自动化设备,-6.97,-800315472.0,-9.25
2026-07-19,LED,-5.94,-802986400.0,-7.74
2026-07-19,航天装备Ⅱ,-4.33,-813684752.0,-7.76
2026-07-19,航天装备Ⅲ,-4.33,-813684752.0,-7.76
2026-07-19,其他电源设备Ⅲ,-6.6,-814483744.0,-5.78
2026-07-19,股份制银行Ⅲ,0.17,-828532544.0,-6.94
2026-07-19,工控设备,-4.35,-839010000.0,-7.27
2026-07-19,钨,-7.67,-872926304.0,-10.0
2026-07-19,医疗器械,-5.42,-880468048.0,-3.24
2026-07-19,底盘与发动机系统,-4.35,-915749264.0,-3.56
2026-07-19,家电零部件Ⅱ,-5.13,-930911024.0,-9.0
2026-07-19,家电零部件Ⅲ,-5.13,-930911024.0,-9.0
2026-07-19,建筑装饰,-3.98,-954162224.0,-3.23
2026-07-19,能源金属,-4.52,-955666544.0,-6.53
2026-07-19,电池化学品,-4.13,-956563024.0,-4.29
2026-07-19,数字媒体,-5.01,-964269264.0,-8.9
2026-07-19,农林牧渔,-2.94,-981610400.0,-5.19
2026-07-19,横向通用软件,-4.87,-982923568.0,-6.06
2026-07-19,塑料,-4.9,-991384048.0,-4.32
2026-07-19,游戏Ⅲ,-5.24,-995902176.0,-6.09
2026-07-19,游戏Ⅱ,-5.24,-995902176.0,-6.09
2026-07-19,化学制品,-3.95,-1009503616.0,-2.12
2026-07-19,玻纤制造,-7.15,-1032530016.0,-5.19
2026-07-19,住宅开发,-3.74,-1044656336.0,-7.75
2026-07-19,玻璃玻纤,-4.11,-1062334880.0,-4.98
2026-07-19,其他电源设备Ⅱ,-5.74,-1096439184.0,-6.5
2026-07-19,银行,0.4,-1117158656.0,-2.79
2026-07-19,银行Ⅱ,0.4,-1117158656.0,-2.79
2026-07-19,电网设备,-3.18,-1118372384.0,-2.82
2026-07-19,其他生物制品,-8.05,-1166102720.0,-8.08
2026-07-19,金属新材料,-6.49,-1189056560.0,-8.91
2026-07-19,模拟芯片设计,-10.34,-1190765376.0,-5.27
2026-07-19,金属制品,-5.35,-1208851648.0,-5.27
2026-07-19,房地产开发,-3.34,-1268025648.0,-7.65
2026-07-19,房地产,-3.44,-1319249520.0,-7.45
2026-07-19,建筑材料,-3.5,-1328581872.0,-4.53
2026-07-19,航空装备Ⅱ,-4.26,-1334415424.0,-9.24
2026-07-19,航空装备Ⅲ,-4.26,-1334415424.0,-9.24
2026-07-19,交通运输,-1.4,-1341640048.0,-5.17
2026-07-19,面板,-5.2,-1349344768.0,-3.75
2026-07-19,电池,-4.73,-1357371392.0,-1.86
2026-07-19,机器人,-7.23,-1369652112.0,-9.73
2026-07-19,分立器件,-10.46,-1425827328.0,-4.13
2026-07-19,白酒Ⅱ,-2.71,-1442865296.0,-8.42
2026-07-19,白酒Ⅲ,-2.71,-1442865296.0,-8.42
2026-07-19,光伏设备,-4.02,-1465409408.0,-4.86
2026-07-19,中药Ⅱ,-4.77,-1569283088.0,-6.68
2026-07-19,中药Ⅲ,-4.77,-1569283088.0,-6.68
2026-07-19,垂直应用软件,-4.73,-1607653216.0,-4.25
2026-07-19,光学元件,-9.24,-1632668080.0,-9.21
2026-07-19,集成电路制造,-8.95,-1688784640.0,-4.4
2026-07-19,被动元件,-7.9,-1755407920.0,-7.02
2026-07-19,生物制品,-6.91,-1758320736.0,-8.95
2026-07-19,铜,-5.26,-1829886576.0,-7.71
2026-07-19,家用电器,-3.92,-1885519680.0,-7.0
2026-07-19,其他电子Ⅲ,-8.22,-1942375280.0,-8.47
2026-07-19,其他电子Ⅱ,-8.22,-1942375280.0,-8.47
2026-07-19,小金属,-5.02,-2120004304.0,-7.24
2026-07-19,激光设备,-8.76,-2124713856.0,-11.39
2026-07-19,军工电子Ⅱ,-6.24,-2149867536.0,-7.84
2026-07-19,军工电子Ⅲ,-6.24,-2149867536.0,-7.84
2026-07-19,其他专用设备,-5.48,-2189675136.0,-8.04
2026-07-19,食品饮料,-2.91,-2410517936.0,-6.32
2026-07-19,汽车零部件,-4.63,-2430810016.0,-4.55
2026-07-19,软件开发,-4.77,-2590576896.0,-4.79
2026-07-19,工业金属,-4.34,-2753193984.0,-6.16
2026-07-19,集成电路封测,-9.25,-2820153344.0,-5.02
2026-07-19,电子化学品Ⅱ,-7.84,-2833737920.0,-6.57
2026-07-19,电子化学品Ⅲ,-7.84,-2833737920.0,-6.57
2026-07-19,专用设备,-4.72,-2844454864.0,-6.35
2026-07-19,证券Ⅱ,-1.15,-3150336512.0,-7.24
2026-07-19,证券Ⅲ,-1.15,-3150336512.0,-7.24
2026-07-19,通用设备,-5.57,-3181073152.0,-4.09
2026-07-19,通信线缆及配套,-8.88,-3201137664.0,-9.09
2026-07-19,汽车,-4.33,-3295230208.0,-4.61
2026-07-19,半导体设备,-8.89,-3336573184.0,-4.52
2026-07-19,医疗研发外包,-11.64,-3340342016.0,-9.63
2026-07-19,基础化工,-3.5,-3388870656.0,-2.9
2026-07-19,其他计算机设备,-4.93,-3455158272.0,-8.52
2026-07-19,传媒,-4.38,-3503599360.0,-5.98
2026-07-19,光学光电子,-6.5,-3784999424.0,-5.9
2026-07-19,半导体材料,-8.28,-3809192704.0,-7.77
2026-07-19,医疗服务,-8.63,-3831567104.0,-8.84
2026-07-19,IT服务Ⅲ,-4.7,-3938373376.0,-7.01
2026-07-19,IT服务Ⅱ,-4.7,-3938373376.0,-7.01
2026-07-19,非银金融,-1.42,-3974046720.0,-6.46
2026-07-19,计算机设备,-5.24,-4201468416.0,-8.85
2026-07-19,化学制剂,-7.34,-4887069440.0,-8.02
2026-07-19,国防军工,-5.14,-4887740672.0,-7.87
2026-07-19,自动化设备,-6.34,-5133691648.0,-9.7
2026-07-19,化学制药,-7.18,-5170904832.0,-6.96
2026-07-19,电力设备,-4.11,-5855729920.0,-3.34
2026-07-19,消费电子零部件及组装,-7.65,-7193196544.0,-9.32
2026-07-19,消费电子,-7.31,-7263991552.0,-8.75
2026-07-19,有色金属,-5.15,-7684650496.0,-6.6
2026-07-19,印制电路板,-9.39,-10565885440.0,-9.31
2026-07-19,计算机,-4.86,-10730418688.0,-6.8
2026-07-19,数字芯片设计,-11.06,-10791602688.0,-5.74
2026-07-19,机械设备,-5.17,-11597483776.0,-6.19
2026-07-19,元件,-8.97,-12321293312.0,-8.9
2026-07-19,医药生物,-6.34,-13722099456.0,-7.05
2026-07-19,通信网络设备及器件,-9.28,-15445803264.0,-9.61
2026-07-19,通信设备,-6.98,-19588903680.0,-9.18
2026-07-19,通信,-6.31,-20009943296.0,-8.66
2026-07-19,半导体,-9.87,-25062899712.0,-5.42
2026-07-19,电子,-8.37,-53209296896.0,-6.53
