handle,followers,days_seen,n_tweets,engage_sum,lang,market,source
cnfinancewatch,127555,65,121,2957,zh,A股,pool
yifaer_chen,264158,21,21,6444,zh,A股,pool
hellosuoha,178119,24,26,481,zh,A股,pool
PhyrexNi,405498,15,17,1839,zh,A股,pool
aiwangupiao,112809,27,46,1868,zh,A股,pool
WangNextDoor2,108315,25,29,2279,zh,A股,pool
off_thetarget,39094,37,88,303,zh,A股,pool
DtDt666,209445,15,17,2946,zh,A股,pool
bboczeng,225020,14,16,1251,zh,A股,pool
Dragonhau66,21826,42,53,984,zh,A股,pool
WiseInvest513,51512,27,31,1894,zh,A股,pool
BroBean88,98111,19,22,3392,zh,A股,pool
LuBtc888,102845,18,19,4353,zh,A股,pool
EmberCN,148704,14,16,903,zh,A股,pool
TingHu888,149308,13,28,1907,zh,A股,pool
web3annie,68408,18,19,838,zh,A股,pool
SUOHA_AI,31127,26,31,3415,zh,A股,pool
furan86999,52084,20,36,228,zh,A股,pool
Agujiaofu,38877,23,60,1074,zh,A股,pool
dajingou1,102152,14,14,1859,zh,A股,pool
Meta8Mate,108639,12,13,645,zh,A股,pool
cloakmk,241898,8,8,789,zh,A股,pool
gork,428601,6,7,8,zh,A股,pool
AsiaFinance,417143,6,6,535,zh,A股,pool
tuolaji2024,50636,17,19,1661,zh,A股,pool
giantcutie666,141999,10,10,971,zh,A股,pool
chuge857,42745,18,20,2528,zh,A股,pool
williamlong,372807,6,6,209,zh,A股,pool
laosanhemao,12843,30,40,2668,zh,A股,pool
Bitcoin188,91816,11,13,2038,zh,A股,pool
hanking66,47351,15,18,3316,zh,A股,pool
Wangduanniao,100452,10,11,1126,zh,A股,pool
XXY177,98139,10,11,554,zh,A股,pool
0xKevin00,80171,11,12,996,zh,A股,pool
82WztfvhHqZz0Ub,95831,10,13,608,zh,A股,pool
DD____,149687,8,8,1,zh,A股,pool
Mr_qiang777,16080,24,25,1541,zh,A股,pool
tychozzz,92137,10,10,1652,zh,A股,pool
Rocky_Bitcoin,143905,8,8,776,zh,A股,pool
love_doge123,52500,13,14,717,zh,A股,pool
antiAIvo,23487,19,33,3427,zh,A股,pool
yijiangren,26016,18,20,1863,zh,A股,pool
shufen46250836,82384,10,10,2104,zh,A股,pool
Salmonbro,16234,22,24,171,zh,A股,pool
qinbafrank,157301,7,7,1185,zh,A股,pool
BroLeon,116005,8,8,516,zh,A股,pool
xiaomustock,277981,5,5,3154,zh,A股,pool
OtherSideBJ,49306,12,14,639,zh,A股,pool
Web3Feng,85808,9,9,1317,zh,A股,pool
xiajingfa8,104888,8,8,572,zh,A股,pool
yyds123888,131926,7,7,964,zh,A股,pool
Xiaoniu6161,181322,6,6,134,zh,A股,pool
jackli727,44416,12,13,428,zh,A股,pool
freearkshaw,28016,15,23,806,zh,A股,pool
Jason23818126,31594,14,15,1596,zh,A股,pool
memekiller365,26823,15,18,473,zh,A股,pool
uniswap12,75016,9,10,176,zh,A股,pool
Cato_KT,41593,12,12,167,zh,A股,pool
snake_w,41255,12,14,210,zh,A股,pool
macrotradecn,159340,6,8,487,zh,A股,pool
Moon1ightSt,114980,7,10,1330,zh,A股,pool
Blazing_Sun1,38726,12,16,760,zh,A股,pool
dcidwso,45268,11,19,585,zh,A股,pool
dacefupan,81805,8,8,219,zh,A股,pool
sol_jingou,51698,10,12,54,zh,A股,pool
NFTCPS,133978,6,6,577,zh,A股,pool
liuxiaoling933,97008,7,7,532,zh,A股,pool
bishengkegs,187409,5,5,125,zh,A股,pool
qtdevlop,27207,13,15,796,zh,A股,pool
jiujinshan2022,93110,7,7,452,zh,A股,pool
IamRamenPanda,91271,7,7,869,zh,A股,pool
mnmn94253156337,13734,18,23,639,zh,A股,pool
Valen9223,19515,15,24,414,zh,A股,pool
VICOINDAO,9142,22,37,67,zh,A股,pool
kirkpaper,6974,25,37,118,zh,A股,pool
simu6668888,30005,12,20,201,zh,A股,pool
web3yezhu,14412,17,26,428,zh,A股,pool
Maddere7,13002,18,47,22,zh,A股,pool
gupiaoyzz,16161,16,20,441,zh,A股,pool
wangjupaian,161542,5,5,293,zh,A股,pool
yuyue_chris,105381,6,7,414,zh,A股,pool
yushanshan1123,30920,11,12,417,zh,A股,pool
tig88411109,75925,7,8,470,zh,A股,pool
LaoshirenBTC,7067,23,29,188,zh,A股,pool
BMCJ888,16176,15,15,1248,zh,A股,pool
xingpt,57697,8,9,450,zh,A股,pool
The_Wooo,101936,6,6,461,zh,A股,pool
PandaTouZi,44633,9,10,805,zh,A股,pool
zfcbtc,20706,13,14,419,zh,A股,pool
allen5951,7902,21,28,216,zh,A股,pool
xianzhizhou,95430,6,7,413,zh,A股,pool
LMDFinance,20136,13,13,268,zh,A股,pool
bi_9527zx,52214,8,9,674,zh,A股,pool
LuYao_Trader,91995,6,6,423,zh,A股,pool
sanhuyanxishe,51303,8,10,671,zh,A股,pool
xtony1314,120785,5,5,1425,zh,A股,pool
HougeSol,17780,13,18,1605,zh,A股,pool
dawda5152,20827,12,13,341,zh,A股,pool
CryptoPilot3226,36132,9,9,291,zh,A股,pool
qkl2058,79773,6,6,708,zh,A股,pool
henghaer123,19560,12,17,1637,zh,A股,pool
formnoshape,28058,10,10,1205,zh,A股,pool
youngstockuser,12516,15,21,718,zh,A股,pool
WallStreet0Name,76174,6,7,2041,zh,A股,pool
LucyBuilding,40893,8,8,983,zh,A股,pool
SixOnWallSt,25813,10,10,808,zh,A股,pool
luckybibiw1p,7869,18,19,223,zh,A股,pool
roger73005305,69987,6,6,537,zh,A股,pool
waveking1314,69579,6,7,703,zh,A股,pool
Nicole_yang88,38148,8,9,298,zh,A股,pool
SVScholar,97488,5,5,225,zh,A股,pool
Crypto_L92,38047,8,9,141,zh,A股,pool
Trader_S18,65832,6,6,284,zh,A股,pool
AnchorNode,10364,15,16,415,zh,A股,pool
Vibe718,65240,6,9,0,zh,A股,pool
eastweb3eth,22217,10,11,1183,zh,A股,pool
MoYU_7777,33843,8,8,370,zh,A股,pool
QingFengJianZX,21407,10,14,758,zh,A股,pool
dongbimao,33619,8,8,438,zh,A股,pool
ArtofSpecuycky,41851,7,8,2552,zh,A股,pool
bixiaochao,32734,8,8,1081,zh,A股,pool
Aw3ff_,42988,7,7,255,zh,A股,pool
sszcw,58820,6,6,92,zh,A股,pool
BTCfuyao,58191,6,6,1,zh,A股,pool
lianyanshe,82295,5,5,123,zh,A股,pool
blockTVBee,31774,8,11,274,zh,A股,pool
diaomao2023,39769,7,7,1131,zh,A股,pool
PWenzhen76938,52719,6,7,1670,zh,A股,pool
MEJ50749,75133,5,5,1562,zh,A股,pool
Bitebishuqin,22909,9,10,712,zh,A股,pool
fly2_1M,8260,15,19,261,zh,A股,pool
0xzhaozhao,74294,5,5,178,zh,A股,pool
kuk47377341,22348,9,9,325,zh,A股,pool
Wujizhuzhu,21561,9,11,1037,zh,A股,pool
mubeitech,68769,5,5,1476,zh,A股,pool
YuGuan1209,47268,6,6,262,zh,A股,pool
WuChuanIJ,34720,7,8,188,zh,A股,pool
kugo_A10,33986,7,9,585,zh,A股,pool
BTC__Sunny,45801,6,8,407,zh,A股,pool
zkgoudan,46278,6,6,131,zh,A股,pool
QingSong79,33755,7,11,258,zh,A股,pool
RichTerry123,32577,7,8,1038,zh,A股,pool
AYi_AInotes,64318,5,7,685,zh,A股,pool
leonZR1394,65854,5,5,68,zh,A股,pool
Guilin_Chen_,45007,6,6,274,zh,A股,pool
0xTraderYi,19820,9,9,144,zh,A股,pool
Print_kbar,15609,10,16,352,zh,A股,pool
OrderlyCN_,63342,5,12,4,zh,A股,pool
btcoindown,30927,7,9,265,zh,A股,pool
Hoyooyoo,59570,5,5,674,zh,A股,pool
pcwler66,59635,5,5,573,zh,A股,pool
greenhandwe,30433,7,7,372,zh,A股,pool
z0072024,41100,6,6,72,zh,A股,pool
eveyino,29701,7,7,47,zh,A股,pool
vivimoneya,14259,10,13,147,zh,A股,pool
Leooo2099,17043,9,9,809,zh,A股,pool
North0508,5472,16,18,392,zh,A股,pool
XAMTO_AI,27232,7,7,2310,zh,A股,pool
vise365,9863,12,16,50,zh,A股,pool
btcyusheng,21699,8,10,145,zh,A股,pool
JinYu762,16293,9,10,758,zh,A股,pool
btcpiggy,37522,6,8,186,zh,A股,pool
gigiz_eth,53086,5,6,362,zh,A股,pool
jeonleetogether,15968,9,11,711,zh,A股,pool
henrym92_,52570,5,7,152,zh,A股,pool
followin_io_zh,25829,7,7,193,zh,A股,pool
Money_or_Life_X,24821,7,8,1016,zh,A股,pool
Ckrh8w,5381,15,32,928,zh,A股,pool
Alexjandro990,49309,5,5,354,zh,A股,pool
Steam_Diary123,48416,5,5,497,zh,A股,pool
nft_hu,48863,5,5,254,zh,A股,pool
fkscamlee,6056,14,16,582,zh,A股,pool
Naive_BNB,18492,8,8,138,zh,A股,pool
NFTMILK,32208,6,7,387,zh,A股,pool
TradercBTC,14333,9,10,89,zh,A股,pool
ETH116688,18023,8,8,158,zh,A股,pool
Joneessn,44834,5,5,264,zh,A股,pool
caizhenghai,44616,5,5,141,zh,A股,pool
falali2015,17378,8,9,88,zh,A股,pool
baispx,21768,7,9,709,zh,A股,pool
laodi888,29902,6,6,407,zh,A股,pool
xiaoshunli,41300,5,5,1535,zh,A股,pool
Geight16,17095,8,8,83,zh,A股,pool
WeexCn,16980,8,9,89,zh,A股,pool
kang_824,21444,7,7,368,zh,A股,pool
0xAllen,40954,5,6,134,zh,A股,pool
nini_incrypto_,20075,7,7,653,zh,A股,pool
bizixun,40072,5,5,260,zh,A股,pool
0xtonixie,14734,8,9,998,zh,A股,pool
BTCqzy1,17848,7,8,3563,zh,A股,pool
rtsky7,12029,9,11,58,zh,A股,pool
darrencao2024,26372,6,6,413,zh,A股,pool
spicycandy00,18823,7,7,1007,zh,A股,pool
QT9277,37785,5,5,2,zh,A股,pool
hanqing1120,11450,9,14,11,zh,A股,pool
mars_bnb,36132,5,5,183,zh,A股,pool
Jingxin147741,33265,5,6,990,zh,A股,pool
0xMulight,13184,8,9,594,zh,A股,pool
flcjbtc,33279,5,7,119,zh,A股,pool
LmhdbAi,22781,6,6,239,zh,A股,pool
agudianjinshou,12238,8,12,213,zh,A股,pool
sodislikea,21425,6,6,411,zh,A股,pool
softlipa1018,29354,5,5,213,zh,A股,pool
FokLouis144,7283,10,14,81,zh,A股,pool
Joensmoon,28922,5,5,118,zh,A股,pool
poyincom,28274,5,5,290,zh,A股,pool
OtmAtm,14219,7,7,509,zh,A股,pool
jiroucaigou,26844,5,5,1189,zh,A股,pool
CryptoSociety42,27385,5,5,241,zh,A股,pool
YouTiaoFinance,27882,5,5,11,zh,A股,pool
Kongkongda5882,26695,5,5,162,zh,A股,pool
Showy005,25899,5,5,397,zh,A股,pool
XiaohuiAI666,18030,6,6,337,zh,A股,pool
crypto_Abao,8018,9,9,179,zh,A股,pool
DrHashClub,26440,5,5,38,zh,A股,pool
Zhouqi2013,17764,6,8,316,zh,A股,pool
YuChen,13462,7,7,3,zh,A股,pool
spark888,16960,6,9,442,zh,A股,pool
tkkyuantkk,5934,10,11,392,zh,A股,pool
xm597760789,12234,7,7,69,zh,A股,pool
hibtc37,22742,5,5,225,zh,A股,pool
ssslumdunk,15815,6,6,56,zh,A股,pool
QingQ77,22237,5,5,171,zh,A股,pool
ablenavy,8809,8,8,10,zh,A股,pool
caicai1953,21474,5,5,414,zh,A股,pool
BabybusFL,21177,5,6,507,zh,A股,pool
DeerLucid,15037,6,6,170,zh,A股,pool
feixiaohaocom,22149,5,5,5,zh,A股,pool
Phoenixyin13,13465,6,6,2257,zh,A股,pool
alexdata99,8031,8,9,615,zh,A股,pool
ismee_111,6482,9,10,133,zh,A股,pool
niniSweet88,10343,7,7,454,zh,A股,pool
cherryPayment,14267,6,7,132,zh,A股,pool
hisevenih,20519,5,6,91,zh,A股,pool
zhoguwn2782184,20256,5,5,91,zh,A股,pool
hanhanbtc,13454,6,8,364,zh,A股,pool
facai988,19195,5,5,452,zh,A股,pool
Web3Eden01,19227,5,5,296,zh,A股,pool
innomad_io,19363,5,5,183,zh,A股,pool
bafeite1234,9938,7,11,17,zh,A股,pool
MMMusol,17316,5,5,394,zh,A股,pool
0xJason,16729,5,5,765,zh,A股,pool
Mulight,17246,5,5,215,zh,A股,pool
LaoK201106,8357,7,7,451,zh,A股,pool
Luckyjudy666,11092,6,9,345,zh,A股,pool
Tabgdoueth,15094,5,6,215,zh,A股,pool
leslieloser_,15272,5,5,68,zh,A股,pool
AlphaguyTrading,15078,5,6,62,zh,A股,pool
William88Crypto,7499,7,7,40,zh,A股,pool
nbblock,14379,5,5,87,zh,A股,pool
Bifu_ZH,9797,6,6,168,zh,A股,pool
livermoerR,9792,6,7,114,zh,A股,pool
0xMilkRabbit,12839,5,6,1134,zh,A股,pool
LucasHuang0630,6562,7,9,1014,zh,A股,pool
AStockLink,5438,8,12,66,zh,A股,pool
ululazmi27,9204,6,6,111,zh,A股,pool
GoldGodTrader,12457,5,5,48,zh,A股,pool
yunfan716,5548,7,10,72,zh,A股,pool
bjrya39878759,10224,5,5,476,zh,A股,pool
Gutenberg1450,10601,5,8,74,zh,A股,pool
BNB776,5470,7,7,2,zh,A股,pool
xiaomusg,9357,5,5,328,zh,A股,pool
chnchn83987,6362,6,8,202,zh,A股,pool
Deltaking888,8799,5,5,234,zh,A股,pool
LynnChu26,7966,5,5,211,zh,A股,pool
Vesper2536,7999,5,5,31,zh,A股,pool
Poli69748,7986,5,7,30,zh,A股,pool
BaoZiDaDa010,7565,5,6,7,zh,A股,pool
kingzw888,7390,5,6,54,zh,A股,pool
Lindaawrf,5897,5,7,382,zh,A股,pool
Seraphine_Moyao,6119,5,5,70,zh,A股,pool
Web3Lanju,5917,5,5,215,zh,A股,pool
OxFeng777,6028,5,5,20,zh,A股,pool
LYSJingGe,5444,5,6,19,zh,A股,pool
A9xiaohui,5060,5,5,167,zh,A股,pool
Nickk_9797,5222,5,6,39,zh,A股,pool
JinDianZiAI,5088,5,6,67,zh,A股,pool
